Workbook

Sheet Week  1
A1: Weekly Issued (Buffer Stock POMI)- POH 1
A2: Mnth | B2: 45992
A3: Week | B3: I
A4: No. | B4: Nama Barang | C4: Satuan | D4: Stock Awal | E4: Tanggal Buffer Stock | F4: Jumlah | G4: 45991 | I4: 45992 | K4: 45993 | M4: 45994 | O4: 45995 | Q4: 45996 | S4: 45997 | U4: Ending Stock | V4: KATEGORI
G5: Lokasi | H5: Jumlah | I5: Lokasi | J5: Jumlah | K5: Lokasi | L5: Jumlah | M5: Lokasi | N5: Jumlah | O5: Lokasi | P5: Jumlah | Q5: Lokasi | R5: Jumlah | S5: Lokasi | T5: Jumlah
A6: 1 | B6: AC Compressor 1 PK, PANASONIC R 22 | C6: Unit | D6: ='[1]Week (4)'!U6 | U6: =D6+F6+-(H6+J6+L6+N6+P6+R6+T6) | V6: AC
A7: =A6+1 | B7: AC Compressor 1,5 PK, PANASONIC R 22 | C7: Unit | D7: ='[1]Week (4)'!U7 | U7: =D7+F7+-(H7+J7+L7+N7+P7+R7+T7) | V7: AC
A8: =A7+1 | B8: AC Compressor 2 PK, PANASONIC | C8: Unit | D8: ='[1]Week (4)'!U8 | U8: =D8+F8+-(H8+J8+L8+N8+P8+R8+T8) | V8: AC
A9: =A8+1 | B9: AC Compressor 3 PK, PANASONIC | C9: Unit | D9: ='[1]Week (4)'!U9 | U9: =D9+F9+-(H9+J9+L9+N9+P9+R9+T9) | V9: AC
A10: =A9+1 | B10: AC Compressor 1 PK, PANASONIC R 32 | C10: Unit | D10: ='[1]Week (4)'!U10 | U10: =D10+F10+-(H10+J10+L10+N10+P10+R10+T10) | V10: AC
A11: =A10+1 | B11: AC Compressor 1,5 PK, PANASONIC R 32 | C11: Unit | D11: ='[1]Week (4)'!U11 | U11: =D11+F11+-(H11+J11+L11+N11+P11+R11+T11) | V11: AC
A12: =A11+1 | B12: Amplas NO 1 | C12: Lbr | D12: ='[1]Week (4)'!U12 | U12: =D12+F12+-(H12+J12+L12+N12+P12+R12+T12) | V12: CONSUMABLE
A13: =A12+1 | B13: Amplas NO 180 | C13: Lbr | D13: ='[1]Week (4)'!U13 | U13: =D13+F13+-(H13+J13+L13+N13+P13+R13+T13) | V13: CONSUMABLE
A14: =A13+1 | B14: Avur bak cuci piring | C14: pcs | D14: ='[1]Week (4)'!U14 | U14: =D14+F14+-(H14+J14+L14+N14+P14+R14+T14) | V14: SANITARY
A15: =A14+1 | B15: RESIBON CUTTING WHEEL | C15: Lbr | D15: ='[1]Week (4)'!U15 | K15: Parkir genset | L15: 2 | O15: Parkir sisi genset | P15: 4 | U15: =D15+F15+-(H15+J15+L15+N15+P15+R15+T15) | V15: CONSUMABLE
A16: =A15+1 | B16: RESIBON GRINDING WHEEL | C16: Lbr | D16: ='[1]Week (4)'!U16 | U16: =D16+F16+-(H16+J16+L16+N16+P16+R16+T16) | V16: CONSUMABLE
A17: =A16+1 | B17: Ball Valve 1/2" ONDA Kuningan | C17: Pcs | D17: ='[1]Week (4)'!U17 | U17: =D17+F17+-(H17+J17+L17+N17+P17+R17+T17) | V17: VALVE AND PIPE
A18: =A17+1 | B18: Ball Valve 3/4" ONDA Kuningan | C18: Pcs | D18: ='[1]Week (4)'!U18 | U18: =D18+F18+-(H18+J18+L18+N18+P18+R18+T18) | V18: VALVE AND PIPE
A19: =A18+1 | B19: BATTERY ALKALINE AA | C19: PCS | D19: ='[1]Week (4)'!U19 | U19: =D19+F19+-(H19+J19+L19+N19+P19+R19+T19) | V19: CONSUMABLE
A20: =A19+1 | B20: BATTERY ALKALINE AAA | C20: PCS | D20: ='[1]Week (4)'!U20 | U20: =D20+F20+-(H20+J20+L20+N20+P20+R20+T20) | V20: CONSUMABLE
A21: =A20+1 | B21: BATTERY KERING 6 VOLT | C21: PCS | D21: ='[1]Week (4)'!U21 | U21: =D21+F21+-(H21+J21+L21+N21+P21+R21+T21) | V21: CONSUMABLE
A22: =A21+1 | B22: Battery Kotak 9 Volt | C22: PCS | D22: ='[1]Week (4)'!U22 | U22: =D22+F22+-(H22+J22+L22+N22+P22+R22+T22) | V22: CONSUMABLE
A23: =A22+1 | B23: Baut Dipan | C23: PCS | D23: ='[1]Week (4)'!U23 | U23: =D23+F23+-(H23+J23+L23+N23+P23+R23+T23) | V23: CIVIL
A24: =A23+1 | B24: BATTERY ABC BESAR | C24: PCS | D24: ='[1]Week (4)'!U24 | U24: =D24+F24+-(H24+J24+L24+N24+P24+R24+T24) | V24: CONSUMABLE
A25: =A24+1 | B25: BEARING 608 ZZ | C25: Pcs | D25: ='[1]Week (4)'!U25 | U25: =D25+F25+-(H25+J25+L25+N25+P25+R25+T25) | V25: MECHANICAL
A26: =A25+1 | B26: Bearing 6202-2Z, SKF | C26: PCS | D26: ='[1]Week (4)'!U26 | U26: =D26+F26+-(H26+J26+L26+N26+P26+R26+T26) | V26: MECHANICAL
A27: =A26+1 | B27: BEARING 6203 ZZ | C27: Pcs | D27: ='[1]Week (4)'!U27 | U27: =D27+F27+-(H27+J27+L27+N27+P27+R27+T27) | V27: MECHANICAL
... A40: =A39+1 | B40: Capacitor 40µf | C40: PCS | D40: ='[1]Week (4)'!U40 | U40: =D40+F40+-(H40+J40+L40+N40+P40+R40+T40) | V40: AC
A41: =A40+1 | B41: Capacitor 35µf | C41: PCS | D41: ='[1]Week (4)'!U41 | K41: Sulawesi 15 | L41: 1 | U41: =D41+F41+-(H41+J41+L41+N41+P41+R41+T41) | V41: AC
A42: =A41+1 | B42: Capacitor 50 µf | C42: PCS | D42: ='[1]Week (4)'!U42 | U42: =D42+F42+-(H42+J42+L42+N42+P42+R42+T42) | V42: AC
A43: =A42+1 | B43: Capacitor AC 25 µf | C43: PCS | D43: ='[1]Week (4)'!U43 | U43: =D43+F43+-(H43+J43+L43+N43+P43+R43+T43) | V43: AC
A44: =A43+1 | B44: Capacitor Ceiling Fan 5 Cable | C44: PCS | D44: ='[1]Week (4)'!U44 | U44: =D44+F44+-(H44+J44+L44+N44+P44+R44+T44) | V44: ELECTRICAL
A45: =A44+1 | B45: Capacitor Washing Machine 12 µf | C45: PCS | D45: ='[1]Week (4)'!U45 | U45: =D45+F45+-(H45+J45+L45+N45+P45+R45+T45) | V45: ELECTRICAL
A46: =A45+1 | B46: Capacitor 60 µf | C46: PCS | D46: ='[1]Week (4)'!U46 | U46: =D46+F46+-(H46+J46+L46+N46+P46+R46+T46) | V46: AC
A47: =A46+1 | B47: CAT DULUX CATYLAC INVERNES 25KG | C47: Pail | D47: ='[1]Week (4)'!U47 | U47: =D47+F47+-(H47+J47+L47+N47+P47+R47+T47) | V47: CIVIL
A48: =A47+1 | B48: CAT DULUX CATYLAC INVERNES 5 KG | C48: GLN | D48: ='[1]Week (4)'!U48 | U48: =D48+F48+-(H48+J48+L48+N48+P48+R48+T48) | V48: CIVIL
A49: =A48+1 | B49: CAT DULUX MORNING STAR 2,5 LTR | C49: GLN | D49: ='[1]Week (4)'!U49 | U49: =D49+F49+-(H49+J49+L49+N49+P49+R49+T49) | V49: CIVIL
A50: =A49+1 | B50: CAT JAVA EXTERIOR | C50: PAIL | D50: ='[1]Week (4)'!U50 | U50: =D50+F50+-(H50+J50+L50+N50+P50+R50+T50) | V50: CIVIL
A51: =A50+1 | B51: CAT JAVA INTERIOR NO. 31 | C51: PAIL | D51: ='[1]Week (4)'!U51 | U51: =D51+F51+-(H51+J51+L51+N51+P51+R51+T51) | V51: CIVIL
A52: =A51+1 | B52: CAT JAVA INTERIOR NO. 32 | C52: PAIL | D52: ='[1]Week (4)'!U52 | U52: =D52+F52+-(H52+J52+L52+N52+P52+R52+T52) | V52: CIVIL
A53: =A52+1 | B53: Cat NIPPE 2000 No.012 ( CHAMONIK) | C53: KG | D53: ='[1]Week (4)'!U53 | U53: =D53+F53+-(H53+J53+L53+N53+P53+R53+T53) | V53: CIVIL
... A84: =A83+1 | B84: Elbow PVC AW 1/2" | C84: Pcs | D84: ='[1]Week (4)'!U84 | U84: =D84+F84+-(H84+J84+L84+N84+P84+R84+T84) | V84: VALVE AND PIPE
A85: 80 | B85: Elbow PVC AW 2" | C85: Pcs | D85: ='[1]Week (4)'!U85 | U85: =D85+F85+-(H85+J85+L85+N85+P85+R85+T85) | V85: VALVE AND PIPE
A86: =A85+1 | B86: ELCB 2P, 25A SCHNEIDER | C86: PCS | D86: ='[1]Week (4)'!U86 | U86: =D86+F86+-(H86+J86+L86+N86+P86+R86+T86) | V86: ELECTRICAL
A87: =A86+1 | B87: ELCB 2P, 30A SCHNEIDER | C87: PCS | D87: ='[1]Week (4)'!U87 | U87: =D87+F87+-(H87+J87+L87+N87+P87+R87+T87) | V87: ELECTRICAL
A88: =A87+1 | B88: ELCB 2P, 40A SCHNEIDER | C88: PCS | D88: ='[1]Week (4)'!U88 | U88: =D88+F88+-(H88+J88+L88+N88+P88+R88+T88) | V88: ELECTRICAL
A89: =A88+1 | B89: ELCB 2P, 63A SCHNEIDER | C89: PCS | D89: ='[1]Week (4)'!U89 | U89: =D89+F89+-(H89+J89+L89+N89+P89+R89+T89) | V89: ELECTRICAL
A90: =A89+1 | B90: ELCB 4P, 25A SCHNEIDER | C90: PCS | D90: ='[1]Week (4)'!U90 | U90: =D90+F90+-(H90+J90+L90+N90+P90+R90+T90) | V90: ELECTRICAL
A91: =A90+1 | B91: ELCB 4P, 40A SCHNEIDER | C91: PCS | D91: ='[1]Week (4)'!U91 | U91: =D91+F91+-(H91+J91+L91+N91+P91+R91+T91) | V91: ELECTRICAL
A92: =A91+1 | B92: ELCB 4P, 63A SCHNEIDER | C92: PCS | D92: ='[1]Week (4)'!U92 | U92: =D92+F92+-(H92+J92+L92+N92+P92+R92+T92) | V92: ELECTRICAL
A93: =A92+1 | B93: Emco Paint Biru No. 75 | C93: Klg | D93: ='[1]Week (4)'!U93 | U93: =D93+F93+-(H93+J93+L93+N93+P93+R93+T93) | V93: CIVIL
A94: =A93+1 | B94: Emco Paint, Black Color | C94: PCS | D94: ='[1]Week (4)'!U94 | U94: =D94+F94+-(H94+J94+L94+N94+P94+R94+T94) | V94: CIVIL
A95: =A94+1 | B95: Emco Paint, Blue Color No. 102 | C95: PCS | D95: ='[1]Week (4)'!U95 | U95: =D95+F95+-(H95+J95+L95+N95+P95+R95+T95) | V95: CIVIL
A96: =A95+1 | B96: Emco Paint Coklat 83 | C96: PCS | D96: ='[1]Week (4)'!U96 | U96: =D96+F96+-(H96+J96+L96+N96+P96+R96+T96) | V96: CIVIL
A97: =A96+1 | B97: Emco Paint, Chili Red No. 132 | C97: PCS | D97: ='[1]Week (4)'!U97 | U97: =D97+F97+-(H97+J97+L97+N97+P97+R97+T97) | V97: CIVIL
... A130: =A129+1 | B130: HANDLE PINTU | C130: Set | D130: ='[1]Week (4)'!U130 | U130: =D130+F130+-(H130+J130+L130+N130+P130+R130+T130) | V130: CIVIL
A131: =A130+1 | B131: Hose of Washing Machine Drain | C131: PCS | D131: ='[1]Week (4)'!U131 | I131: Madura 7 | J131: 1 | U131: =D131+F131+-(H131+J131+L131+N131+P131+R131+T131) | V131: SANITARY
A132: =A131+1 | B132: Ignition of Stove | C132: PCS | D132: ='[1]Week (4)'!U132 | U132: =D132+F132+-(H132+J132+L132+N132+P132+R132+T132) | V132: SPAREPART
A133: =A132+1 | B133: Jati Plywood | C133: PCS | D133: ='[1]Week (4)'!U133 | U133: =D133+F133+-(H133+J133+L133+N133+P133+R133+T133) | V133: CIVIL
A134: =A133+1 | B134: Kabel NYY 4 x 2,5 | C134: Meter | D134: ='[1]Week (4)'!U134 | U134: =D134+F134+-(H134+J134+L134+N134+P134+R134+T134) | V134: ELECTRICAL
A135: =A134+1 | B135: Kabel NYYHY 4 x 2,5 | C135: Meter | D135: ='[1]Week (4)'!U135 | U135: =D135+F135+-(H135+J135+L135+N135+P135+R135+T135) | V135: ELECTRICAL
A136: =A135+1 | B136: Kabel NYY 3 x 2,5 | C136: Meter | D136: ='[1]Week (4)'!U136 | U136: =D136+F136+-(H136+J136+L136+N136+P136+R136+T136) | V136: ELECTRICAL
A137: =A136+1 | B137: Kabel NYM 3 x 2,5 | C137: Meter | D137: ='[1]Week (4)'!U137 | U137: =D137+F137+-(H137+J137+L137+N137+P137+R137+T137) | V137: ELECTRICAL
A138: =A137+1 | B138: Kabel NYM 3 x 1,5 | C138: Meter | D138: ='[1]Week (4)'!U138 | U138: =D138+F138+-(H138+J138+L138+N138+P138+R138+T138) | V138: ELECTRICAL
A139: =A138+1 | B139: Kawat Seling Calfit | C139: M | D139: ='[1]Week (4)'!U139 | U139: =D139+F139+-(H139+J139+L139+N139+P139+R139+T139) | V139: CONSUMABLE
A140: =A139+1 | B140: Kayu 3 x 20 x 4 | C140: Batang | D140: ='[1]Week (4)'!U140 | U140: =D140+F140+-(H140+J140+L140+N140+P140+R140+T140) | V140: CIVIL
A141: =A140+1 | B141: Kayu 6 x 12 x 4 | C141: Batang | D141: ='[1]Week (4)'!U141 | U141: =D141+F141+-(H141+J141+L141+N141+P141+R141+T141) | V141: CIVIL
A142: =A141+1 | B142: Kayu 6 x 15 x 4 | C142: Batang | D142: ='[1]Week (4)'!U142 | U142: =D142+F142+-(H142+J142+L142+N142+P142+R142+T142) | V142: CIVIL
A143: =A142+1 | B143: Kayu 8 x 12 x 4 | C143: Batang | D143: ='[1]Week (4)'!U143 | U143: =D143+F143+-(H143+J143+L143+N143+P143+R143+T143) | V143: CIVIL
... A146: =A145+1 | B146: Kuas 3" | C146: PCS | D146: ='[1]Week (4)'!U146 | U146: =D146+F146+-(H146+J146+L146+N146+P146+R146+T146) | V146: CONSUMABLE
A147: =A146+1 | B147: Kuas 2" | C147: PCS | D147: ='[1]Week (4)'!U147 | O147: Electric | P147: 1 | Q147: Parkir sisi genset | R147: 1 | U147: =D147+F147+-(H147+J147+L147+N147+P147+R147+T147) | V147: CONSUMABLE
A148: =A147+1 | B148: Pipa AC Inverter 1 PK | C148: PCS | D148: ='[1]Week (4)'!U148 | U148: =D148+F148+-(H148+J148+L148+N148+P148+R148+T148) | V148: AC
A149: =A148+1 | B149: Pipa AC Inverter 1,5 PK | C149: PCS | D149: ='[1]Week (4)'!U149 | U149: =D149+F149+-(H149+J149+L149+N149+P149+R149+T149) | V149: AC
A150: =A149+1 | B150: LAMPU LED PHILIPS 6 WATT KUNING | C150: PCS | D150: ='[1]Week (4)'!U150 | U150: =D150+F150+-(H150+J150+L150+N150+P150+R150+T150) | V150: LAMP
A151: =A150+1 | B151: Lampu HPLN Philips 250 Watt | C151: PCS | D151: ='[1]Week (4)'!U151 | U151: =D151+F151+-(H151+J151+L151+N151+P151+R151+T151) | V151: LAMP
A152: =A151+1 | B152: LED DRIVER POWER 56 WATT 50/60 HZ | C152: PCS | D152: ='[1]Week (4)'!U152 | U152: =D152+F152+-(H152+J152+L152+N152+P152+R152+T152) | V152: LAMP
A153: =A152+1 | B153: LAMPU LED PHILIPS 10 WATT | C153: Pcs | D153: ='[1]Week (4)'!U153 | U153: =D153+F153+-(H153+J153+L153+N153+P153+R153+T153) | V153: LAMP
A154: =A153+1 | B154: LAMPU LED PHILIPS 8 WATT | C154: Pcs | D154: ='[1]Week (4)'!U154 | U154: =D154+F154+-(H154+J154+L154+N154+P154+R154+T154) | V154: LAMP
A155: =A154+1 | B155: LAMPU LED PHILIPS 14,5 WATT | C155: Pcs | D155: ='[1]Week (4)'!U155 | U155: =D155+F155+-(H155+J155+L155+N155+P155+R155+T155) | V155: LAMP
A156: =A155+1 | B156: LAMPU LED PHILIPS 6 WATT | C156: Pcs | D156: ='[1]Week (4)'!U156 | E156: 45992 | F156: 32 | I156: Bali 24 =2, Bali 15=4 | J156: =2+4 | O156: Bali 12 | P156: 1 | S156: Sulawesi 2 | T156: 1 | U156: =D156+F156+-(H156+J156+L156+N156+P156+R156+T156) | V156: LAMP
A157: =A156+1 | B157: Lampu REFLEKTOR TOKI RF220V 500W | C157: PCS | D157: ='[1]Week (4)'!U157 | U157: =D157+F157+-(H157+J157+L157+N157+P157+R157+T157) | V157: LAMP
A158: =A157+1 | B158: Lem Fox | C158: Pcs | D158: ='[1]Week (4)'!U158 | I158: Timor 4 | J158: 1 | S158: lombok 28 | T158: 1 | U158: =D158+F158+-(H158+J158+L158+N158+P158+R158+T158) | V158: CIVIL
A159: =A158+1 | B159: Level Switch, RADAR | C159: PCS | D159: ='[1]Week (4)'!U159 | U159: =D159+F159+-(H159+J159+L159+N159+P159+R159+T159) | V159: SANITARY
A160: =A159+1 | B160: FLOAT SWITCH | C160: PCS | D160: ='[1]Week (4)'!U160 | S160: LS 4 JL Jawa | T160: 1 | U160: =D160+F160+-(H160+J160+L160+N160+P160+R160+T160) | V160: SANITARY
A161: =A160+1 | B161: Lock 808 | C161: PCS | D161: ='[1]Week (4)'!U161 | U161: =D161+F161+-(H161+J161+L161+N161+P161+R161+T161) | V161: CIVIL
A162: =A161+1 | B162: Pad Lock (Gembok ) | C162: PCS | D162: ='[1]Week (4)'!U162 | U162: =D162+F162+-(H162+J162+L162+N162+P162+R162+T162) | V162: CIVIL
A163: =A162+1 | B163: Magneto Stove 4 Burner | C163: Pcs | D163: ='[1]Week (4)'!U163 | U163: =D163+F163+-(H163+J163+L163+N163+P163+R163+T163) | V163: CONSUMABLE
A164: =A163+1 | B164: Magneto Stove 6 Burner | C164: Pcs | D164: ='[1]Week (4)'!U164 | U164: =D164+F164+-(H164+J164+L164+N164+P164+R164+T164) | V164: CONSUMABLE
A165: =A164+1 | B165: MCB 10 A - 1 Phase, Schneider | C165: PCS | D165: ='[1]Week (4)'!U165 | U165: =D165+F165+-(H165+J165+L165+N165+P165+R165+T165) | V165: ELECTRICAL
A166: =A165+1 | B166: MCB 16 A - 1 Phase, Schneider | C166: PCS | D166: ='[1]Week (4)'!U166 | U166: =D166+F166+-(H166+J166+L166+N166+P166+R166+T166) | V166: ELECTRICAL
A167: =A166+1 | B167: MCB 16 A - 3 phase | C167: PCS | D167: ='[1]Week (4)'!U167 | U167: =D167+F167+-(H167+J167+L167+N167+P167+R167+T167) | V167: ELECTRICAL
A168: =A167+1 | B168: MCB 20 A - 1 phase | C168: PCS | D168: ='[1]Week (4)'!U168 | U168: =D168+F168+-(H168+J168+L168+N168+P168+R168+T168) | V168: ELECTRICAL
A169: =A168+1 | B169: MCB 20 A - 3 phase | C169: PCS | D169: ='[1]Week (4)'!U169 | U169: =D169+F169+-(H169+J169+L169+N169+P169+R169+T169) | V169: ELECTRICAL
A170: =A169+1 | B170: MCB 32 A - 1 phase | C170: PCS | D170: ='[1]Week (4)'!U170 | U170: =D170+F170+-(H170+J170+L170+N170+P170+R170+T170) | V170: ELECTRICAL
A171: =A170+1 | B171: MCB 63 A - 1 Phase, Schneider | C171: PCS | D171: ='[1]Week (4)'!U171 | U171: =D171+F171+-(H171+J171+L171+N171+P171+R171+T171) | V171: ELECTRICAL
A172: =A171+1 | B172: MCB 32 A - 3 phase | C172: PCS | D172: ='[1]Week (4)'!U172 | U172: =D172+F172+-(H172+J172+L172+N172+P172+R172+T172) | V172: ELECTRICAL
... A179: =A178+1 | B179: Mowilek 503 | C179: KG | D179: ='[1]Week (4)'!U179 | U179: =D179+F179+-(H179+J179+L179+N179+P179+R179+T179) | V179: CIVIL
A180: =A179+1 | B180: NO DROP | C180: KG | D180: ='[1]Week (4)'!U180 | I180: Sumatera 7 | J180: 1 | O180: Pos scurity | P180: 1 | U180: =D180+F180+-(H180+J180+L180+N180+P180+R180+T180) | V180: CIVIL
A181: =A180+1 | B181: NO DROP KASSA | C181: PCS | D181: ='[1]Week (4)'!U181 | I181: Sumatera 7 | J181: 2 | O181: Pos scurity | P181: 2 | U181: =D181+F181+-(H181+J181+L181+N181+P181+R181+T181) | V181: CIVIL
A182: =A181+1 | B182: OIL COMPRESSOR SUNISO, 4 TR | C182: GLN | D182: ='[1]Week (4)'!U182 | U182: =D182+F182+-(H182+J182+L182+N182+P182+R182+T182) | V182: OIL & GAS
...

Sheet Week  (2)
A1: Weekly Issued (Buffer Stock POMI)- POH 1
A2: Mnth | B2: 45992
A3: Week | B3: II
A4: No. | B4: Nama Barang | C4: Satuan | D4: Stock Awal | E4: Tanggal Buffer Stock | F4: Jumlah | G4: 45998 | I4: 45999 | K4: 46000 | M4: 46001 | O4: 46002 | Q4: 46003 | S4: 46004 | U4: Ending Stock | V4: KATEGORI
G5: Lokasi | H5: Jumlah | I5: Lokasi | J5: Jumlah | K5: Lokasi | L5: Jumlah | M5: Lokasi | N5: Jumlah | O5: Lokasi | P5: Jumlah | Q5: Lokasi | R5: Jumlah | S5: Lokasi | T5: Jumlah
A6: 1 | B6: AC Compressor 1 PK, PANASONIC R 22 | C6: Unit | D6: ='Week 1'!U6 | U6: =D6+F6+-(H6+J6+L6+N6+P6+R6+T6) | V6: AC
A7: =A6+1 | B7: AC Compressor 1,5 PK, PANASONIC R 22 | C7: Unit | D7: ='Week 1'!U7 | U7: =D7+F7+-(H7+J7+L7+N7+P7+R7+T7) | V7: AC
A8: =A7+1 | B8: AC Compressor 2 PK, PANASONIC | C8: Unit | D8: ='Week 1'!U8 | U8: =D8+F8+-(H8+J8+L8+N8+P8+R8+T8) | V8: AC
A9: =A8+1 | B9: AC Compressor 3 PK, PANASONIC | C9: Unit | D9: ='Week 1'!U9 | U9: =D9+F9+-(H9+J9+L9+N9+P9+R9+T9) | V9: AC
A10: =A9+1 | B10: AC Compressor 1 PK, PANASONIC R 32 | C10: Unit | D10: ='Week 1'!U10 | U10: =D10+F10+-(H10+J10+L10+N10+P10+R10+T10) | V10: AC
A11: =A10+1 | B11: AC Compressor 1,5 PK, PANASONIC R 32 | C11: Unit | D11: ='Week 1'!U11 | U11: =D11+F11+-(H11+J11+L11+N11+P11+R11+T11) | V11: AC
A12: =A11+1 | B12: Amplas NO 1 | C12: Lbr | D12: ='Week 1'!U12 | U12: =D12+F12+-(H12+J12+L12+N12+P12+R12+T12) | V12: CONSUMABLE
A13: =A12+1 | B13: Amplas NO 180 | C13: Lbr | D13: ='Week 1'!U13 | U13: =D13+F13+-(H13+J13+L13+N13+P13+R13+T13) | V13: CONSUMABLE
A14: =A13+1 | B14: Avur bak cuci piring | C14: pcs | D14: ='Week 1'!U14 | U14: =D14+F14+-(H14+J14+L14+N14+P14+R14+T14) | V14: SANITARY
A15: =A14+1 | B15: RESIBON CUTTING WHEEL | C15: Lbr | D15: ='Week 1'!U15 | U15: =D15+F15+-(H15+J15+L15+N15+P15+R15+T15) | V15: CONSUMABLE
A16: =A15+1 | B16: RESIBON GRINDING WHEEL | C16: Lbr | D16: ='Week 1'!U16 | U16: =D16+F16+-(H16+J16+L16+N16+P16+R16+T16) | V16: CONSUMABLE
A17: =A16+1 | B17: Ball Valve 1/2" ONDA Kuningan | C17: Pcs | D17: ='Week 1'!U17 | U17: =D17+F17+-(H17+J17+L17+N17+P17+R17+T17) | V17: VALVE AND PIPE
A18: =A17+1 | B18: Ball Valve 3/4" ONDA Kuningan | C18: Pcs | D18: ='Week 1'!U18 | U18: =D18+F18+-(H18+J18+L18+N18+P18+R18+T18) | V18: VALVE AND PIPE
A19: =A18+1 | B19: BATTERY ALKALINE AA | C19: PCS | D19: ='Week 1'!U19 | U19: =D19+F19+-(H19+J19+L19+N19+P19+R19+T19) | V19: CONSUMABLE
A20: =A19+1 | B20: BATTERY ALKALINE AAA | C20: PCS | D20: ='Week 1'!U20 | M20: gym=2, Sumatera 10=2 | N20: =2+2 | U20: =D20+F20+-(H20+J20+L20+N20+P20+R20+T20) | V20: CONSUMABLE
A21: =A20+1 | B21: BATTERY KERING 6 VOLT | C21: PCS | D21: ='Week 1'!U21 | U21: =D21+F21+-(H21+J21+L21+N21+P21+R21+T21) | V21: CONSUMABLE
A22: =A21+1 | B22: Battery Kotak 9 Volt | C22: PCS | D22: ='Week 1'!U22 | U22: =D22+F22+-(H22+J22+L22+N22+P22+R22+T22) | V22: CONSUMABLE
A23: =A22+1 | B23: Baut Dipan | C23: PCS | D23: ='Week 1'!U23 | U23: =D23+F23+-(H23+J23+L23+N23+P23+R23+T23) | V23: CIVIL
A24: =A23+1 | B24: BATTERY ABC BESAR | C24: PCS | D24: ='Week 1'!U24 | U24: =D24+F24+-(H24+J24+L24+N24+P24+R24+T24) | V24: CONSUMABLE
A25: =A24+1 | B25: BEARING 608 ZZ | C25: Pcs | D25: ='Week 1'!U25 | U25: =D25+F25+-(H25+J25+L25+N25+P25+R25+T25) | V25: MECHANICAL
A26: =A25+1 | B26: Bearing 6202-2Z, SKF | C26: PCS | D26: ='Week 1'!U26 | U26: =D26+F26+-(H26+J26+L26+N26+P26+R26+T26) | V26: MECHANICAL
A27: =A26+1 | B27: BEARING 6203 ZZ | C27: Pcs | D27: ='Week 1'!U27 | U27: =D27+F27+-(H27+J27+L27+N27+P27+R27+T27) | V27: MECHANICAL
A28: =A27+1 | B28: Bearing 6303 | C28: Pcs | D28: ='Week 1'!U28 | U28: =D28+F28+-(H28+J28+L28+N28+P28+R28+T28) | V28: MECHANICAL
A29: =A28+1 | B29: Bearing 6304 ZZ | C29: PCS | D29: ='Week 1'!U29 | U29: =D29+F29+-(H29+J29+L29+N29+P29+R29+T29) | V29: MECHANICAL
A30: =A29+1 | B30: Bearing 6305 SKF | C30: PCS | D30: ='Week 1'!U30 | U30: =D30+F30+-(H30+J30+L30+N30+P30+R30+T30) | V30: MECHANICAL
A31: =A30+1 | B31: Bearing SKF 6306 ZZ | C31: PCS | D31: ='Week 1'!U31 | U31: =D31+F31+-(H31+J31+L31+N31+P31+R31+T31) | V31: MECHANICAL
A32: =A31+1 | B32: Bearing SKF 6307 ZZ | C32: PCS | D32: ='Week 1'!U32 | U32: =D32+F32+-(H32+J32+L32+N32+P32+R32+T32) | V32: MECHANICAL
... A82: =A81+1 | B82: Elbow Drat Dalam 20 x 1/2" hdpe | C82: PCS | D82: ='Week 1'!U82 | U82: =D82+F82+-(H82+J82+L82+N82+P82+R82+T82) | V82: VALVE AND PIPE
A83: =A82+1 | B83: Elbow PVC AW 1" | C83: Pcs | D83: ='Week 1'!U83 | K83: Madura 6 | L83: 1 | U83: =D83+F83+-(H83+J83+L83+N83+P83+R83+T83) | V83: VALVE AND PIPE
A84: =A83+1 | B84: Elbow PVC AW 1/2" | C84: Pcs | D84: ='Week 1'!U84 | U84: =D84+F84+-(H84+J84+L84+N84+P84+R84+T84) | V84: VALVE AND PIPE
A85: 80 | B85: Elbow PVC AW 2" | C85: Pcs | D85: ='Week 1'!U85 | U85: =D85+F85+-(H85+J85+L85+N85+P85+R85+T85) | V85: VALVE AND PIPE
A86: =A85+1 | B86: ELCB 2P, 25A SCHNEIDER | C86: PCS | D86: ='Week 1'!U86 | U86: =D86+F86+-(H86+J86+L86+N86+P86+R86+T86) | V86: ELECTRICAL
A87: =A86+1 | B87: ELCB 2P, 30A SCHNEIDER | C87: PCS | D87: ='Week 1'!U87 | U87: =D87+F87+-(H87+J87+L87+N87+P87+R87+T87) | V87: ELECTRICAL
A88: =A87+1 | B88: ELCB 2P, 40A SCHNEIDER | C88: PCS | D88: ='Week 1'!U88 | U88: =D88+F88+-(H88+J88+L88+N88+P88+R88+T88) | V88: ELECTRICAL
A89: =A88+1 | B89: ELCB 2P, 63A SCHNEIDER | C89: PCS | D89: ='Week 1'!U89 | U89: =D89+F89+-(H89+J89+L89+N89+P89+R89+T89) | V89: ELECTRICAL
A90: =A89+1 | B90: ELCB 4P, 25A SCHNEIDER | C90: PCS | D90: ='Week 1'!U90 | U90: =D90+F90+-(H90+J90+L90+N90+P90+R90+T90) | V90: ELECTRICAL
A91: =A90+1 | B91: ELCB 4P, 40A SCHNEIDER | C91: PCS | D91: ='Week 1'!U91 | U91: =D91+F91+-(H91+J91+L91+N91+P91+R91+T91) | V91: ELECTRICAL
A92: =A91+1 | B92: ELCB 4P, 63A SCHNEIDER | C92: PCS | D92: ='Week 1'!U92 | U92: =D92+F92+-(H92+J92+L92+N92+P92+R92+T92) | V92: ELECTRICAL
A93: =A92+1 | B93: Emco Paint Biru No. 75 | C93: Klg | D93: ='Week 1'!U93 | U93: =D93+F93+-(H93+J93+L93+N93+P93+R93+T93) | V93: CIVIL
A94: =A93+1 | B94: Emco Paint, Black Color | C94: PCS | D94: ='Week 1'!U94 | U94: =D94+F94+-(H94+J94+L94+N94+P94+R94+T94) | V94: CIVIL
A95: =A94+1 | B95: Emco Paint, Blue Color No. 102 | C95: PCS | D95: ='Week 1'!U95 | U95: =D95+F95+-(H95+J95+L95+N95+P95+R95+T95) | V95: CIVIL
A96: =A95+1 | B96: Emco Paint Coklat 83 | C96: PCS | D96: ='Week 1'!U96 | U96: =D96+F96+-(H96+J96+L96+N96+P96+R96+T96) | V96: CIVIL
A97: =A96+1 | B97: Emco Paint, Chili Red No. 132 | C97: PCS | D97: ='Week 1'!U97 | U97: =D97+F97+-(H97+J97+L97+N97+P97+R97+T97) | V97: CIVIL
... A99: =A98+1 | B99: Emco Paint, Traffic Red Color No. 78 | C99: PCS | D99: ='Week 1'!U99 | U99: =D99+F99+-(H99+J99+L99+N99+P99+R99+T99) | V99: CIVIL
A100: =A99+1 | B100: Emco Paint, White Color | C100: PCS | D100: ='Week 1'!U100 | O100: Sulawesi 4 | P100: 3 | Q100: Sulawesi 4 | R100: 1 | U100: =D100+F100+-(H100+J100+L100+N100+P100+R100+T100) | V100: CIVIL
A101: =A100+1 | B101: Emco Paint, Yellow Color No. 67 | C101: PCS | D101: ='Week 1'!U101 | U101: =D101+F101+-(H101+J101+L101+N101+P101+R101+T101) | V101: CIVIL
A102: =A101+1 | B102: Engsel Jendela 3 " | C102: Pcs | D102: ='Week 1'!U102 | U102: =D102+F102+-(H102+J102+L102+N102+P102+R102+T102) | V102: CIVIL
A103: =A102+1 | B103: Engsel Pintu 4" | C103: Pcs | D103: ='Week 1'!U103 | U103: =D103+F103+-(H103+J103+L103+N103+P103+R103+T103) | V103: CIVIL
A104: =A103+1 | B104: Engsel Sendok | C104: PCS | D104: ='Week 1'!U104 | U104: =D104+F104+-(H104+J104+L104+N104+P104+R104+T104) | V104: CIVIL
A105: =A104+1 | B105: Equal Elbow 20 x20 | C105: PCS | D105: ='Week 1'!U105 | U105: =D105+F105+-(H105+J105+L105+N105+P105+R105+T105) | V105: VALVE AND PIPE
A106: =A105+1 | B106: Equal Elbow 25 x 25 | C106: PCS | D106: ='Week 1'!U106 | U106: =D106+F106+-(H106+J106+L106+N106+P106+R106+T106) | V106: VALVE AND PIPE
A107: =A106+1 | B107: Equal Elbow 32 x 32 | C107: PCS | D107: ='Week 1'!U107 | U107: =D107+F107+-(H107+J107+L107+N107+P107+R107+T107) | V107: VALVE AND PIPE
A108: =A107+1 | B108: Equal Tee 32 x 20 | C108: PCS | D108: ='Week 1'!U108 | U108: =D108+F108+-(H108+J108+L108+N108+P108+R108+T108) | V108: VALVE AND PIPE
A109: =A108+1 | B109: Male thread adaptor 32 x 1" | C109: PCS | D109: ='Week 1'!U109 | U109: =D109+F109+-(H109+J109+L109+N109+P109+R109+T109) | V109: VALVE AND PIPE
A110: =A109+1 | B110: FITING LAMPU | C110: PCS | D110: ='Week 1'!U110 | Q110: POS S | R110: 1 | U110: =D110+F110+-(H110+J110+L110+N110+P110+R110+T110) | V110: LAMP
A111: =A110+1 | B111: Sensor Photo cell | C111: PCS | D111: ='Week 1'!U111 | U111: =D111+F111+-(H111+J111+L111+N111+P111+R111+T111) | V111: LAMP
A112: =A111+1 | B112: Filter Fleet Guard WF 2071 (Filter Udara) | C112: PCS | D112: ='Week 1'!U112 | U112: =D112+F112+-(H112+J112+L112+N112+P112+R112+T112) | V112: CONSUMABLE
A113: =A112+1 | B113: Filter Fleet Guard FS 1212 (Filter Solar) | C113: PCS | D113: ='Week 1'!U113 | U113: =D113+F113+-(H113+J113+L113+N113+P113+R113+T113) | V113: CONSUMABLE
A114: =A113+1 | B114: Filter Fleet Guard LF 3000 (Oil Filter ) | C114: PCS | D114: ='Week 1'!U114 | U114: =D114+F114+-(H114+J114+L114+N114+P114+R114+T114) | V114: CONSUMABLE
A115: =A114+1 | B115: Filter Fleet Guard WF 2076 (Filter Udara) | C115: PCS | D115: ='Week 1'!U115 | U115: =D115+F115+-(H115+J115+L115+N115+P115+R115+T115) | V115: CONSUMABLE
A116: =A115+1 | B116: Flexible Hose 50 CM | C116: PCS | D116: ='Week 1'!U116 | U116: =D116+F116+-(H116+J116+L116+N116+P116+R116+T116) | V116: VALVE AND PIPE
A117: =A116+1 | B117: Flexible Hose 60 CM STAINLESS | C117: PCS | D117: ='Week 1'!U117 | U117: =D117+F117+-(H117+J117+L117+N117+P117+R117+T117) | V117: VALVE AND PIPE
A118: =A117+1 | B118: Flexible Hose 40 Cm | C118: PCS | D118: ='Week 1'!U118 | U118: =D118+F118+-(H118+J118+L118+N118+P118+R118+T118) | V118: VALVE AND PIPE
A119: =A118+1 | B119: Flexible Hose of Washbasin, DUPON | C119: SET | D119: ='Week 1'!U119 | U119: =D119+F119+-(H119+J119+L119+N119+P119+R119+T119) | V119: VALVE AND PIPE
A120: =A119+1 | B120: Flexible Hose of Washbasin, MOVE | C120: PCS | D120: ='Week 1'!U120 | U120: =D120+F120+-(H120+J120+L120+N120+P120+R120+T120) | V120: VALVE AND PIPE
A121: =A120+1 | B121: Floating Valve of Closet ( Tombol Atas ) | C121: PCS | D121: ='Week 1'!U121 | U121: =D121+F121+-(H121+J121+L121+N121+P121+R121+T121) | V121: SANITARY
A122: =A121+1 | B122: Floating Valve of Closet ( Tombol Samping ) | C122: PCS | D122: ='Week 1'!U122 | U122: =D122+F122+-(H122+J122+L122+N122+P122+R122+T122) | V122: SANITARY
... A128: =A127+1 | B128: Grendel | C128: Pcs | D128: ='Week 1'!U128 | U128: =D128+F128+-(H128+J128+L128+N128+P128+R128+T128) | V128: CIVIL
A129: =A128+1 | B129: Hand Shower | C129: PCS | D129: ='Week 1'!U129 | M129: Sulawesi 11 | N129: 1 | O129: Jawa 12 | P129: 1 | U129: =D129+F129+-(H129+J129+L129+N129+P129+R129+T129) | V129: SANITARY
A130: =A129+1 | B130: HANDLE PINTU | C130: Set | D130: ='Week 1'!U130 | U130: =D130+F130+-(H130+J130+L130+N130+P130+R130+T130) | V130: CIVIL
A131: =A130+1 | B131: Hose of Washing Machine Drain | C131: PCS | D131: ='Week 1'!U131 | U131: =D131+F131+-(H131+J131+L131+N131+P131+R131+T131) | V131: SANITARY
A132: =A131+1 | B132: Ignition of Stove | C132: PCS | D132: ='Week 1'!U132 | U132: =D132+F132+-(H132+J132+L132+N132+P132+R132+T132) | V132: SPAREPART
A133: =A132+1 | B133: Jati Plywood | C133: PCS | D133: ='Week 1'!U133 | U133: =D133+F133+-(H133+J133+L133+N133+P133+R133+T133) | V133: CIVIL
A134: =A133+1 | B134: Kabel NYY 4 x 2,5 | C134: Meter | D134: ='Week 1'!U134 | U134: =D134+F134+-(H134+J134+L134+N134+P134+R134+T134) | V134: ELECTRICAL
A135: =A134+1 | B135: Kabel NYYHY 4 x 2,5 | C135: Meter | D135: ='Week 1'!U135 | U135: =D135+F135+-(H135+J135+L135+N135+P135+R135+T135) | V135: ELECTRICAL
A136: =A135+1 | B136: Kabel NYY 3 x 2,5 | C136: Meter | D136: ='Week 1'!U136 | U136: =D136+F136+-(H136+J136+L136+N136+P136+R136+T136) | V136: ELECTRICAL
A137: =A136+1 | B137: Kabel NYM 3 x 2,5 | C137: Meter | D137: ='Week 1'!U137 | U137: =D137+F137+-(H137+J137+L137+N137+P137+R137+T137) | V137: ELECTRICAL
A138: =A137+1 | B138: Kabel NYM 3 x 1,5 | C138: Meter | D138: ='Week 1'!U138 | U138: =D138+F138+-(H138+J138+L138+N138+P138+R138+T138) | V138: ELECTRICAL
A139: =A138+1 | B139: Kawat Seling Calfit | C139: M | D139: ='Week 1'!U139 | U139: =D139+F139+-(H139+J139+L139+N139+P139+R139+T139) | V139: CONSUMABLE
A140: =A139+1 | B140: Kayu 3 x 20 x 4 | C140: Batang | D140: ='Week 1'!U140 | U140: =D140+F140+-(H140+J140+L140+N140+P140+R140+T140) | V140: CIVIL
A141: =A140+1 | B141: Kayu 6 x 12 x 4 | C141: Batang | D141: ='Week 1'!U141 | U141: =D141+F141+-(H141+J141+L141+N141+P141+R141+T141) | V141: CIVIL
... A146: =A145+1 | B146: Kuas 3" | C146: PCS | D146: ='Week 1'!U146 | U146: =D146+F146+-(H146+J146+L146+N146+P146+R146+T146) | V146: CONSUMABLE
A147: =A146+1 | B147: Kuas 2" | C147: PCS | D147: ='Week 1'!U147 | O147: Sulawesi 4 | P147: 1 | U147: =D147+F147+-(H147+J147+L147+N147+P147+R147+T147) | V147: CONSUMABLE
A148: =A147+1 | B148: Pipa AC Inverter 1 PK | C148: PCS | D148: ='Week 1'!U148 | U148: =D148+F148+-(H148+J148+L148+N148+P148+R148+T148) | V148: AC
A149: =A148+1 | B149: Pipa AC Inverter 1,5 PK | C149: PCS | D149: ='Week 1'!U149 | U149: =D149+F149+-(H149+J149+L149+N149+P149+R149+T149) | V149: AC
A150: =A149+1 | B150: LAMPU LED PHILIPS 6 WATT KUNING | C150: PCS | D150: ='Week 1'!U150 | U150: =D150+F150+-(H150+J150+L150+N150+P150+R150+T150) | V150: LAMP
A151: =A150+1 | B151: Lampu HPLN Philips 250 Watt | C151: PCS | D151: ='Week 1'!U151 | U151: =D151+F151+-(H151+J151+L151+N151+P151+R151+T151) | V151: LAMP
A152: =A151+1 | B152: LED DRIVER POWER 56 WATT 50/60 HZ | C152: PCS | D152: ='Week 1'!U152 | U152: =D152+F152+-(H152+J152+L152+N152+P152+R152+T152) | V152: LAMP
A153: =A152+1 | B153: LAMPU LED PHILIPS 10 WATT | C153: Pcs | D153: ='Week 1'!U153 | K153: Bali 14 | L153: 1 | U153: =D153+F153+-(H153+J153+L153+N153+P153+R153+T153) | V153: LAMP
A154: =A153+1 | B154: LAMPU LED PHILIPS 8 WATT | C154: Pcs | D154: ='Week 1'!U154 | U154: =D154+F154+-(H154+J154+L154+N154+P154+R154+T154) | V154: LAMP
A155: =A154+1 | B155: LAMPU LED PHILIPS 14,5 WATT | C155: Pcs | D155: ='Week 1'!U155 | U155: =D155+F155+-(H155+J155+L155+N155+P155+R155+T155) | V155: LAMP
A156: =A155+1 | B156: LAMPU LED PHILIPS 6 WATT | C156: Pcs | D156: ='Week 1'!U156 | I156: Sulawesi 3=1, Lombok 17=1, Bali 24=1, Jawa 16=2, Paiton 2=1, | J156: =1+1+1+2+1 | K156: Lombok 24=2, Bali 14=6, Bali 13=1 | L156: =2+6+1 | O156: Sulawesi 10 | P156: 1 | Q156: POS S | R156: 1 | U156: =D156+F156+-(H156+J156+L156+N156+P156+R156+T156) | V156: LAMP
A157: =A156+1 | B157: Lampu REFLEKTOR TOKI RF220V 500W | C157: PCS | D157: ='Week 1'!U157 | U157: =D157+F157+-(H157+J157+L157+N157+P157+R157+T157) | V157: LAMP
A158: =A157+1 | B158: Lem Fox | C158: Pcs | D158: ='Week 1'!U158 | U158: =D158+F158+-(H158+J158+L158+N158+P158+R158+T158) | V158: CIVIL
A159: =A158+1 | B159: Level Switch, RADAR | C159: PCS | D159: ='Week 1'!U159 | U159: =D159+F159+-(H159+J159+L159+N159+P159+R159+T159) | V159: SANITARY
...

Sheet Week  (3)
A1: Weekly Issued (Buffer Stock POMI)- POH 1
A2: Mnth | B2: 45992
A3: Week | B3: III
A4: No. | B4: Nama Barang | C4: Satuan | D4: Stock Awal | E4: Tanggal Buffer Stock | F4: Jumlah | G4: 46005 | I4: 46006 | K4: 46007 | M4: 46008 | O4: 46009 | Q4: 46010 | S4: 46011 | U4: Ending Stock | V4: KATEGORI
G5: Lokasi | H5: Jumlah | I5: Lokasi | J5: Jumlah | K5: Lokasi | L5: Jumlah | M5: Lokasi | N5: Jumlah | O5: Lokasi | P5: Jumlah | Q5: Lokasi | R5: Jumlah | S5: Lokasi | T5: Jumlah
A6: 1 | B6: AC Compressor 1 PK, PANASONIC R 22 | C6: Unit | D6: ='Week (2)'!U6 | U6: =D6+F6+-(H6+J6+L6+N6+P6+R6+T6) | V6: AC
A7: =A6+1 | B7: AC Compressor 1,5 PK, PANASONIC R 22 | C7: Unit | D7: ='Week (2)'!U7 | U7: =D7+F7+-(H7+J7+L7+N7+P7+R7+T7) | V7: AC
A8: =A7+1 | B8: AC Compressor 2 PK, PANASONIC | C8: Unit | D8: ='Week (2)'!U8 | U8: =D8+F8+-(H8+J8+L8+N8+P8+R8+T8) | V8: AC
A9: =A8+1 | B9: AC Compressor 3 PK, PANASONIC | C9: Unit | D9: ='Week (2)'!U9 | U9: =D9+F9+-(H9+J9+L9+N9+P9+R9+T9) | V9: AC
A10: =A9+1 | B10: AC Compressor 1 PK, PANASONIC R 32 | C10: Unit | D10: ='Week (2)'!U10 | U10: =D10+F10+-(H10+J10+L10+N10+P10+R10+T10) | V10: AC
A11: =A10+1 | B11: AC Compressor 1,5 PK, PANASONIC R 32 | C11: Unit | D11: ='Week (2)'!U11 | U11: =D11+F11+-(H11+J11+L11+N11+P11+R11+T11) | V11: AC
A12: =A11+1 | B12: Amplas NO 1 | C12: Lbr | D12: ='Week (2)'!U12 | U12: =D12+F12+-(H12+J12+L12+N12+P12+R12+T12) | V12: CONSUMABLE
A13: =A12+1 | B13: Amplas NO 180 | C13: Lbr | D13: ='Week (2)'!U13 | I13: Lap basket | J13: 1 | U13: =D13+F13+-(H13+J13+L13+N13+P13+R13+T13) | V13: CONSUMABLE
A14: =A13+1 | B14: Avur bak cuci piring | C14: pcs | D14: ='Week (2)'!U14 | U14: =D14+F14+-(H14+J14+L14+N14+P14+R14+T14) | V14: SANITARY
A15: =A14+1 | B15: RESIBON CUTTING WHEEL | C15: Lbr | D15: ='Week (2)'!U15 | Q15: Reserviir tank | R15: 1 | U15: =D15+F15+-(H15+J15+L15+N15+P15+R15+T15) | V15: CONSUMABLE
A16: =A15+1 | B16: RESIBON GRINDING WHEEL | C16: Lbr | D16: ='Week (2)'!U16 | U16: =D16+F16+-(H16+J16+L16+N16+P16+R16+T16) | V16: CONSUMABLE
A17: =A16+1 | B17: Ball Valve 1/2" ONDA Kuningan | C17: Pcs | D17: ='Week (2)'!U17 | U17: =D17+F17+-(H17+J17+L17+N17+P17+R17+T17) | V17: VALVE AND PIPE
A18: =A17+1 | B18: Ball Valve 3/4" ONDA Kuningan | C18: Pcs | D18: ='Week (2)'!U18 | U18: =D18+F18+-(H18+J18+L18+N18+P18+R18+T18) | V18: VALVE AND PIPE
A19: =A18+1 | B19: BATTERY ALKALINE AA | C19: PCS | D19: ='Week (2)'!U19 | U19: =D19+F19+-(H19+J19+L19+N19+P19+R19+T19) | V19: CONSUMABLE
A20: =A19+1 | B20: BATTERY ALKALINE AAA | C20: PCS | D20: ='Week (2)'!U20 | U20: =D20+F20+-(H20+J20+L20+N20+P20+R20+T20) | V20: CONSUMABLE
A21: =A20+1 | B21: BATTERY KERING 6 VOLT | C21: PCS | D21: ='Week (2)'!U21 | U21: =D21+F21+-(H21+J21+L21+N21+P21+R21+T21) | V21: CONSUMABLE
A22: =A21+1 | B22: Battery Kotak 9 Volt | C22: PCS | D22: ='Week (2)'!U22 | U22: =D22+F22+-(H22+J22+L22+N22+P22+R22+T22) | V22: CONSUMABLE
A23: =A22+1 | B23: Baut Dipan | C23: PCS | D23: ='Week (2)'!U23 | U23: =D23+F23+-(H23+J23+L23+N23+P23+R23+T23) | V23: CIVIL
A24: =A23+1 | B24: BATTERY ABC BESAR | C24: PCS | D24: ='Week (2)'!U24 | U24: =D24+F24+-(H24+J24+L24+N24+P24+R24+T24) | V24: CONSUMABLE
A25: =A24+1 | B25: BEARING 608 ZZ | C25: Pcs | D25: ='Week (2)'!U25 | U25: =D25+F25+-(H25+J25+L25+N25+P25+R25+T25) | V25: MECHANICAL
A26: =A25+1 | B26: Bearing 6202-2Z, SKF | C26: PCS | D26: ='Week (2)'!U26 | U26: =D26+F26+-(H26+J26+L26+N26+P26+R26+T26) | V26: MECHANICAL
A27: =A26+1 | B27: BEARING 6203 ZZ | C27: Pcs | D27: ='Week (2)'!U27 | U27: =D27+F27+-(H27+J27+L27+N27+P27+R27+T27) | V27: MECHANICAL
... A55: =A54+1 | B55: Cat Pylox Merah | C55: Btl | D55: ='Week (2)'!U55 | U55: =D55+F55+-(H55+J55+L55+N55+P55+R55+T55) | V55: CIVIL
A56: =A55+1 | B56: Cat Pylox Putih | C56: Btl | D56: ='Week (2)'!U56 | M56: POOL Gazebo | N56: 1 | U56: =D56+F56+-(H56+J56+L56+N56+P56+R56+T56) | V56: CIVIL
A57: =A56+1 | B57: Cat Zynchromate | C57: Kg | D57: ='Week (2)'!U57 | U57: =D57+F57+-(H57+J57+L57+N57+P57+R57+T57) | V57: CIVIL
A58: =A57+1 | B58: Cat Avian Putih | C58: Kg | D58: ='Week (2)'!U58 | U58: =D58+F58+-(H58+J58+L58+N58+P58+R58+T58) | V58: CIVIL
A59: =A58+1 | B59: Semen, Gresik | C59: SACK | D59: ='Week (2)'!U59 | M59: Sumatera 16 | N59: =4/40 | Q59: Sumatera 10 | R59: =6/40 | U59: =D59+F59+-(H59+J59+L59+N59+P59+R59+T59) | V59: CIVIL
A60: =A59+1 | B60: Semen Putih | C60: Kg | D60: ='Week (2)'!U60 | U60: =D60+F60+-(H60+J60+L60+N60+P60+R60+T60) | V60: CIVIL
A61: =A60+1 | B61: Ceramic size 20x25 PUTIH | C61: DUs | D61: ='Week (2)'!U61 | U61: =D61+F61+-(H61+J61+L61+N61+P61+R61+T61) | V61: CIVIL
A62: =A61+1 | B62: Ceramic size 30x30 | C62: Dus | D62: ='Week (2)'!U62 | U62: =D62+F62+-(H62+J62+L62+N62+P62+R62+T62) | V62: CIVIL
A63: =A62+1 | B63: Contactor LC1D09M7, Scheider | C63: PCS | D63: ='Week (2)'!U63 | U63: =D63+F63+-(H63+J63+L63+N63+P63+R63+T63) | V63: ELECTRICAL
A64: =A63+1 | B64: Contactor LC1D12M7, Scheider | C64: PCS | D64: ='Week (2)'!U64 | U64: =D64+F64+-(H64+J64+L64+N64+P64+R64+T64) | V64: ELECTRICAL
A65: =A64+1 | B65: Contactor LC1D18M7, Scheider | C65: PCS | D65: ='Week (2)'!U65 | U65: =D65+F65+-(H65+J65+L65+N65+P65+R65+T65) | V65: ELECTRICAL
A66: =A65+1 | B66: Contactor LC1D25M7, Scheider | C66: PCS | D66: ='Week (2)'!U66 | U66: =D66+F66+-(H66+J66+L66+N66+P66+R66+T66) | V66: ELECTRICAL
A67: =A66+1 | B67: Contactor LC1D32M7, Scheider | C67: PCS | D67: ='Week (2)'!U67 | U67: =D67+F67+-(H67+J67+L67+N67+P67+R67+T67) | V67: ELECTRICAL
A68: =A67+1 | B68: Coupler Equal Tee 20 x 20 | C68: PCS | D68: ='Week (2)'!U68 | U68: =D68+F68+-(H68+J68+L68+N68+P68+R68+T68) | V68: VALVE AND PIPE
A69: =A68+1 | B69: Coupler Equal Tee 32 x 32 | C69: PCS | D69: ='Week (2)'!U69 | U69: =D69+F69+-(H69+J69+L69+N69+P69+R69+T69) | V69: VALVE AND PIPE
A70: =A69+1 | B70: Coupler HDPE Mechanical Joint ø 110 | C70: PCS | D70: ='Week (2)'!U70 | U70: =D70+F70+-(H70+J70+L70+N70+P70+R70+T70) | V70: VALVE AND PIPE
A71: =A70+1 | B71: Coupler HDPE Mechanical Joint ø 63 | C71: PCS | D71: ='Week (2)'!U71 | U71: =D71+F71+-(H71+J71+L71+N71+P71+R71+T71) | V71: VALVE AND PIPE
... A79: =A78+1 | B79: Defrost Kulkas samsung / panasonic | C79: PCS | D79: ='Week (2)'!U79 | U79: =D79+F79+-(H79+J79+L79+N79+P79+R79+T79) | V79: ELECTRICAL
A80: =A79+1 | B80: Defrost Kulkas SANYO | C80: PCS | D80: ='Week (2)'!U80 | I80: Madura 10 | J80: 1 | U80: =D80+F80+-(H80+J80+L80+N80+P80+R80+T80) | V80: ELECTRICAL
A81: =A80+1 | B81: Doble Neple Besi 1/2" | C81: Pcs | D81: ='Week (2)'!U81 | U81: =D81+F81+-(H81+J81+L81+N81+P81+R81+T81) | V81: VALVE AND PIPE
A82: =A81+1 | B82: Elbow Drat Dalam 20 x 1/2" hdpe | C82: PCS | D82: ='Week (2)'!U82 | U82: =D82+F82+-(H82+J82+L82+N82+P82+R82+T82) | V82: VALVE AND PIPE
A83: =A82+1 | B83: Elbow PVC AW 1" | C83: Pcs | D83: ='Week (2)'!U83 | U83: =D83+F83+-(H83+J83+L83+N83+P83+R83+T83) | V83: VALVE AND PIPE
A84: =A83+1 | B84: Elbow PVC AW 1/2" | C84: Pcs | D84: ='Week (2)'!U84 | U84: =D84+F84+-(H84+J84+L84+N84+P84+R84+T84) | V84: VALVE AND PIPE
A85: 80 | B85: Elbow PVC AW 2" | C85: Pcs | D85: ='Week (2)'!U85 | U85: =D85+F85+-(H85+J85+L85+N85+P85+R85+T85) | V85: VALVE AND PIPE
A86: =A85+1 | B86: ELCB 2P, 25A SCHNEIDER | C86: PCS | D86: ='Week (2)'!U86 | U86: =D86+F86+-(H86+J86+L86+N86+P86+R86+T86) | V86: ELECTRICAL
A87: =A86+1 | B87: ELCB 2P, 30A SCHNEIDER | C87: PCS | D87: ='Week (2)'!U87 | U87: =D87+F87+-(H87+J87+L87+N87+P87+R87+T87) | V87: ELECTRICAL
A88: =A87+1 | B88: ELCB 2P, 40A SCHNEIDER | C88: PCS | D88: ='Week (2)'!U88 | U88: =D88+F88+-(H88+J88+L88+N88+P88+R88+T88) | V88: ELECTRICAL
A89: =A88+1 | B89: ELCB 2P, 63A SCHNEIDER | C89: PCS | D89: ='Week (2)'!U89 | U89: =D89+F89+-(H89+J89+L89+N89+P89+R89+T89) | V89: ELECTRICAL
A90: =A89+1 | B90: ELCB 4P, 25A SCHNEIDER | C90: PCS | D90: ='Week (2)'!U90 | U90: =D90+F90+-(H90+J90+L90+N90+P90+R90+T90) | V90: ELECTRICAL
A91: =A90+1 | B91: ELCB 4P, 40A SCHNEIDER | C91: PCS | D91: ='Week (2)'!U91 | U91: =D91+F91+-(H91+J91+L91+N91+P91+R91+T91) | V91: ELECTRICAL
A92: =A91+1 | B92: ELCB 4P, 63A SCHNEIDER | C92: PCS | D92: ='Week (2)'!U92 | U92: =D92+F92+-(H92+J92+L92+N92+P92+R92+T92) | V92: ELECTRICAL
A93: =A92+1 | B93: Emco Paint Biru No. 75 | C93: Klg | D93: ='Week (2)'!U93 | I93: Basket lap | J93: 1 | U93: =D93+F93+-(H93+J93+L93+N93+P93+R93+T93) | V93: CIVIL
A94: =A93+1 | B94: Emco Paint, Black Color | C94: PCS | D94: ='Week (2)'!U94 | U94: =D94+F94+-(H94+J94+L94+N94+P94+R94+T94) | V94: CIVIL
A95: =A94+1 | B95: Emco Paint, Blue Color No. 102 | C95: PCS | D95: ='Week (2)'!U95 | U95: =D95+F95+-(H95+J95+L95+N95+P95+R95+T95) | V95: CIVIL
A96: =A95+1 | B96: Emco Paint Coklat 83 | C96: PCS | D96: ='Week (2)'!U96 | U96: =D96+F96+-(H96+J96+L96+N96+P96+R96+T96) | V96: CIVIL
A97: =A96+1 | B97: Emco Paint, Chili Red No. 132 | C97: PCS | D97: ='Week (2)'!U97 | U97: =D97+F97+-(H97+J97+L97+N97+P97+R97+T97) | V97: CIVIL
A98: =A97+1 | B98: Emco Paint, Green Color No. 64 | C98: PCS | D98: ='Week (2)'!U98 | U98: =D98+F98+-(H98+J98+L98+N98+P98+R98+T98) | V98: CIVIL
A99: =A98+1 | B99: Emco Paint, Traffic Red Color No. 78 | C99: PCS | D99: ='Week (2)'!U99 | U99: =D99+F99+-(H99+J99+L99+N99+P99+R99+T99) | V99: CIVIL
A100: =A99+1 | B100: Emco Paint, White Color | C100: PCS | D100: ='Week (2)'!U100 | I100: Basket lap | J100: 1 | U100: =D100+F100+-(H100+J100+L100+N100+P100+R100+T100) | V100: CIVIL
A101: =A100+1 | B101: Emco Paint, Yellow Color No. 67 | C101: PCS | D101: ='Week (2)'!U101 | U101: =D101+F101+-(H101+J101+L101+N101+P101+R101+T101) | V101: CIVIL
A102: =A101+1 | B102: Engsel Jendela 3 " | C102: Pcs | D102: ='Week (2)'!U102 | U102: =D102+F102+-(H102+J102+L102+N102+P102+R102+T102) | V102: CIVIL
A103: =A102+1 | B103: Engsel Pintu 4" | C103: Pcs | D103: ='Week (2)'!U103 | U103: =D103+F103+-(H103+J103+L103+N103+P103+R103+T103) | V103: CIVIL
A104: =A103+1 | B104: Engsel Sendok | C104: PCS | D104: ='Week (2)'!U104 | Q104: Timor 4 | R104: 1 | U104: =D104+F104+-(H104+J104+L104+N104+P104+R104+T104) | V104: CIVIL
A105: =A104+1 | B105: Equal Elbow 20 x20 | C105: PCS | D105: ='Week (2)'!U105 | U105: =D105+F105+-(H105+J105+L105+N105+P105+R105+T105) | V105: VALVE AND PIPE
A106: =A105+1 | B106: Equal Elbow 25 x 25 | C106: PCS | D106: ='Week (2)'!U106 | U106: =D106+F106+-(H106+J106+L106+N106+P106+R106+T106) | V106: VALVE AND PIPE
A107: =A106+1 | B107: Equal Elbow 32 x 32 | C107: PCS | D107: ='Week (2)'!U107 | U107: =D107+F107+-(H107+J107+L107+N107+P107+R107+T107) | V107: VALVE AND PIPE
A108: =A107+1 | B108: Equal Tee 32 x 20 | C108: PCS | D108: ='Week (2)'!U108 | U108: =D108+F108+-(H108+J108+L108+N108+P108+R108+T108) | V108: VALVE AND PIPE
A109: =A108+1 | B109: Male thread adaptor 32 x 1" | C109: PCS | D109: ='Week (2)'!U109 | U109: =D109+F109+-(H109+J109+L109+N109+P109+R109+T109) | V109: VALVE AND PIPE
A110: =A109+1 | B110: FITING LAMPU | C110: PCS | D110: ='Week (2)'!U110 | U110: =D110+F110+-(H110+J110+L110+N110+P110+R110+T110) | V110: LAMP
A111: =A110+1 | B111: Sensor Photo cell | C111: PCS | D111: ='Week (2)'!U111 | U111: =D111+F111+-(H111+J111+L111+N111+P111+R111+T111) | V111: LAMP
A112: =A111+1 | B112: Filter Fleet Guard WF 2071 (Filter Udara) | C112: PCS | D112: ='Week (2)'!U112 | U112: =D112+F112+-(H112+J112+L112+N112+P112+R112+T112) | V112: CONSUMABLE
A113: =A112+1 | B113: Filter Fleet Guard FS 1212 (Filter Solar) | C113: PCS | D113: ='Week (2)'!U113 | U113: =D113+F113+-(H113+J113+L113+N113+P113+R113+T113) | V113: CONSUMABLE
A114: =A113+1 | B114: Filter Fleet Guard LF 3000 (Oil Filter ) | C114: PCS | D114: ='Week (2)'!U114 | U114: =D114+F114+-(H114+J114+L114+N114+P114+R114+T114) | V114: CONSUMABLE
A115: =A114+1 | B115: Filter Fleet Guard WF 2076 (Filter Udara) | C115: PCS | D115: ='Week (2)'!U115 | U115: =D115+F115+-(H115+J115+L115+N115+P115+R115+T115) | V115: CONSUMABLE
A116: =A115+1 | B116: Flexible Hose 50 CM | C116: PCS | D116: ='Week (2)'!U116 | U116: =D116+F116+-(H116+J116+L116+N116+P116+R116+T116) | V116: VALVE AND PIPE
... A155: =A154+1 | B155: LAMPU LED PHILIPS 14,5 WATT | C155: Pcs | D155: ='Week (2)'!U155 | U155: =D155+F155+-(H155+J155+L155+N155+P155+R155+T155) | V155: LAMP
A156: =A155+1 | B156: LAMPU LED PHILIPS 6 WATT | C156: Pcs | D156: ='Week (2)'!U156 | I156: Sulawesi 6=1, Bali 2=1, Sulawesi 10=1, Bali 20=1 | J156: =1+1+1+1 | K156: Jawa 1 | L156: 2 | M156: Sumatera 1=1, Lombok 20=1 | N156: =1+1 | U156: =D156+F156+-(H156+J156+L156+N156+P156+R156+T156) | V156: LAMP
A157: =A156+1 | B157: Lampu REFLEKTOR TOKI RF220V 500W | C157: PCS | D157: ='Week (2)'!U157 | U157: =D157+F157+-(H157+J157+L157+N157+P157+R157+T157) | V157: LAMP
A158: =A157+1 | B158: Lem Fox | C158: Pcs | D158: ='Week (2)'!U158 | U158: =D158+F158+-(H158+J158+L158+N158+P158+R158+T158) | V158: CIVIL
A159: =A158+1 | B159: Level Switch, RADAR | C159: PCS | D159: ='Week (2)'!U159 | U159: =D159+F159+-(H159+J159+L159+N159+P159+R159+T159) | V159: SANITARY
A160: =A159+1 | B160: FLOAT SWITCH | C160: PCS | D160: ='Week (2)'!U160 | U160: =D160+F160+-(H160+J160+L160+N160+P160+R160+T160) | V160: SANITARY
A161: =A160+1 | B161: Lock 808 | C161: PCS | D161: ='Week (2)'!U161 | K161: Madura 6 | L161: 1 | U161: =D161+F161+-(H161+J161+L161+N161+P161+R161+T161) | V161: CIVIL
A162: =A161+1 | B162: Pad Lock (Gembok ) | C162: PCS | D162: ='Week (2)'!U162 | U162: =D162+F162+-(H162+J162+L162+N162+P162+R162+T162) | V162: CIVIL
A163: =A162+1 | B163: Magneto Stove 4 Burner | C163: Pcs | D163: ='Week (2)'!U163 | U163: =D163+F163+-(H163+J163+L163+N163+P163+R163+T163) | V163: CONSUMABLE
A164: =A163+1 | B164: Magneto Stove 6 Burner | C164: Pcs | D164: ='Week (2)'!U164 | U164: =D164+F164+-(H164+J164+L164+N164+P164+R164+T164) | V164: CONSUMABLE
A165: =A164+1 | B165: MCB 10 A - 1 Phase, Schneider | C165: PCS | D165: ='Week (2)'!U165 | U165: =D165+F165+-(H165+J165+L165+N165+P165+R165+T165) | V165: ELECTRICAL
A166: =A165+1 | B166: MCB 16 A - 1 Phase, Schneider | C166: PCS | D166: ='Week (2)'!U166 | U166: =D166+F166+-(H166+J166+L166+N166+P166+R166+T166) | V166: ELECTRICAL
A167: =A166+1 | B167: MCB 16 A - 3 phase | C167: PCS | D167: ='Week (2)'!U167 | U167: =D167+F167+-(H167+J167+L167+N167+P167+R167+T167) | V167: ELECTRICAL
A168: =A167+1 | B168: MCB 20 A - 1 phase | C168: PCS | D168: ='Week (2)'!U168 | U168: =D168+F168+-(H168+J168+L168+N168+P168+R168+T168) | V168: ELECTRICAL
A169: =A168+1 | B169: MCB 20 A - 3 phase | C169: PCS | D169: ='Week (2)'!U169 | U169: =D169+F169+-(H169+J169+L169+N169+P169+R169+T169) | V169: ELECTRICAL
A170: =A169+1 | B170: MCB 32 A - 1 phase | C170: PCS | D170: ='Week (2)'!U170 | U170: =D170+F170+-(H170+J170+L170+N170+P170+R170+T170) | V170: ELECTRICAL
A171: =A170+1 | B171: MCB 63 A - 1 Phase, Schneider | C171: PCS | D171: ='Week (2)'!U171 | U171: =D171+F171+-(H171+J171+L171+N171+P171+R171+T171) | V171: ELECTRICAL
A172: =A171+1 | B172: MCB 32 A - 3 phase | C172: PCS | D172: ='Week (2)'!U172 | U172: =D172+F172+-(H172+J172+L172+N172+P172+R172+T172) | V172: ELECTRICAL
...

Sheet Week  (4)
A1: Weekly Issued (Buffer Stock POMI)- POH 1
A2: Mnth | B2: 45992
A3: Week | B3: IV
A4: No. | B4: Nama Barang | C4: Satuan | D4: Stock Awal | E4: Tanggal Buffer Stock | F4: Jumlah | G4: 46011 | I4: 46012 | K4: 46013 | M4: 46014 | O4: 46015 | Q4: 46016 | S4: 46017 | U4: Ending Stock | V4: KATEGORI
G5: Lokasi | H5: Jumlah | I5: Lokasi | J5: Jumlah | K5: Lokasi | L5: Jumlah | M5: Lokasi | N5: Jumlah | O5: Lokasi | P5: Jumlah | Q5: Lokasi | R5: Jumlah | S5: Lokasi | T5: Jumlah
A6: 1 | B6: AC Compressor 1 PK, PANASONIC R 22 | C6: Unit | D6: ='Week (3)'!U6 | U6: =D6+F6+-(H6+J6+L6+N6+P6+R6+T6) | V6: AC
A7: =A6+1 | B7: AC Compressor 1,5 PK, PANASONIC R 22 | C7: Unit | D7: ='Week (3)'!U7 | U7: =D7+F7+-(H7+J7+L7+N7+P7+R7+T7) | V7: AC
A8: =A7+1 | B8: AC Compressor 2 PK, PANASONIC | C8: Unit | D8: ='Week (3)'!U8 | U8: =D8+F8+-(H8+J8+L8+N8+P8+R8+T8) | V8: AC
A9: =A8+1 | B9: AC Compressor 3 PK, PANASONIC | C9: Unit | D9: ='Week (3)'!U9 | U9: =D9+F9+-(H9+J9+L9+N9+P9+R9+T9) | V9: AC
A10: =A9+1 | B10: AC Compressor 1 PK, PANASONIC R 32 | C10: Unit | D10: ='Week (3)'!U10 | U10: =D10+F10+-(H10+J10+L10+N10+P10+R10+T10) | V10: AC
A11: =A10+1 | B11: AC Compressor 1,5 PK, PANASONIC R 32 | C11: Unit | D11: ='Week (3)'!U11 | U11: =D11+F11+-(H11+J11+L11+N11+P11+R11+T11) | V11: AC
A12: =A11+1 | B12: Amplas NO 1 | C12: Lbr | D12: ='Week (3)'!U12 | U12: =D12+F12+-(H12+J12+L12+N12+P12+R12+T12) | V12: CONSUMABLE
A13: =A12+1 | B13: Amplas NO 180 | C13: Lbr | D13: ='Week (3)'!U13 | O13: Rechall | P13: 1 | U13: =D13+F13+-(H13+J13+L13+N13+P13+R13+T13) | V13: CONSUMABLE
A14: =A13+1 | B14: Avur bak cuci piring | C14: pcs | D14: ='Week (3)'!U14 | U14: =D14+F14+-(H14+J14+L14+N14+P14+R14+T14) | V14: SANITARY
A15: =A14+1 | B15: RESIBON CUTTING WHEEL | C15: Lbr | D15: ='Week (3)'!U15 | U15: =D15+F15+-(H15+J15+L15+N15+P15+R15+T15) | V15: CONSUMABLE
A16: =A15+1 | B16: RESIBON GRINDING WHEEL | C16: Lbr | D16: ='Week (3)'!U16 | U16: =D16+F16+-(H16+J16+L16+N16+P16+R16+T16) | V16: CONSUMABLE
A17: =A16+1 | B17: Ball Valve 1/2" ONDA Kuningan | C17: Pcs | D17: ='Week (3)'!U17 | U17: =D17+F17+-(H17+J17+L17+N17+P17+R17+T17) | V17: VALVE AND PIPE
A18: =A17+1 | B18: Ball Valve 3/4" ONDA Kuningan | C18: Pcs | D18: ='Week (3)'!U18 | U18: =D18+F18+-(H18+J18+L18+N18+P18+R18+T18) | V18: VALVE AND PIPE
A19: =A18+1 | B19: BATTERY ALKALINE AA | C19: PCS | D19: ='Week (3)'!U19 | U19: =D19+F19+-(H19+J19+L19+N19+P19+R19+T19) | V19: CONSUMABLE
A20: =A19+1 | B20: BATTERY ALKALINE AAA | C20: PCS | D20: ='Week (3)'!U20 | M20: IT Room | N20: 1 | U20: =D20+F20+-(H20+J20+L20+N20+P20+R20+T20) | V20: CONSUMABLE
A21: =A20+1 | B21: BATTERY KERING 6 VOLT | C21: PCS | D21: ='Week (3)'!U21 | U21: =D21+F21+-(H21+J21+L21+N21+P21+R21+T21) | V21: CONSUMABLE
A22: =A21+1 | B22: Battery Kotak 9 Volt | C22: PCS | D22: ='Week (3)'!U22 | S22: Jawa 9 | T22: 1 | U22: =D22+F22+-(H22+J22+L22+N22+P22+R22+T22) | V22: CONSUMABLE
A23: =A22+1 | B23: Baut Dipan | C23: PCS | D23: ='Week (3)'!U23 | U23: =D23+F23+-(H23+J23+L23+N23+P23+R23+T23) | V23: CIVIL
A24: =A23+1 | B24: BATTERY ABC BESAR | C24: PCS | D24: ='Week (3)'!U24 | U24: =D24+F24+-(H24+J24+L24+N24+P24+R24+T24) | V24: CONSUMABLE
A25: =A24+1 | B25: BEARING 608 ZZ | C25: Pcs | D25: ='Week (3)'!U25 | U25: =D25+F25+-(H25+J25+L25+N25+P25+R25+T25) | V25: MECHANICAL
A26: =A25+1 | B26: Bearing 6202-2Z, SKF | C26: PCS | D26: ='Week (3)'!U26 | O26: Lombok 6 | P26: 2 | U26: =D26+F26+-(H26+J26+L26+N26+P26+R26+T26) | V26: MECHANICAL
A27: =A26+1 | B27: BEARING 6203 ZZ | C27: Pcs | D27: ='Week (3)'!U27 | U27: =D27+F27+-(H27+J27+L27+N27+P27+R27+T27) | V27: MECHANICAL
A28: =A27+1 | B28: Bearing 6303 | C28: Pcs | D28: ='Week (3)'!U28 | U28: =D28+F28+-(H28+J28+L28+N28+P28+R28+T28) | V28: MECHANICAL
A29: =A28+1 | B29: Bearing 6304 ZZ | C29: PCS | D29: ='Week (3)'!U29 | U29: =D29+F29+-(H29+J29+L29+N29+P29+R29+T29) | V29: MECHANICAL
A30: =A29+1 | B30: Bearing 6305 SKF | C30: PCS | D30: ='Week (3)'!U30 | U30: =D30+F30+-(H30+J30+L30+N30+P30+R30+T30) | V30: MECHANICAL
A31: =A30+1 | B31: Bearing SKF 6306 ZZ | C31: PCS | D31: ='Week (3)'!U31 | U31: =D31+F31+-(H31+J31+L31+N31+P31+R31+T31) | V31: MECHANICAL
A32: =A31+1 | B32: Bearing SKF 6307 ZZ | C32: PCS | D32: ='Week (3)'!U32 | U32: =D32+F32+-(H32+J32+L32+N32+P32+R32+T32) | V32: MECHANICAL
A33: =A32+1 | B33: Bearing SKF 6309 / C3 | C33: PCS | D33: ='Week (3)'!U33 | U33: =D33+F33+-(H33+J33+L33+N33+P33+R33+T33) | V33: MECHANICAL
A34: =A33+1 | B34: Bearing SKF 63305 ZZ | C34: PCS | D34: ='Week (3)'!U34 | U34: =D34+F34+-(H34+J34+L34+N34+P34+R34+T34) | V34: MECHANICAL
A35: =A34+1 | B35: Bearing SKF 6309 C3 | C35: PCS | D35: ='Week (3)'!U35 | U35: =D35+F35+-(H35+J35+L35+N35+P35+R35+T35) | V35: MECHANICAL
A36: =A35+1 | B36: Bulb Lamp 25 W, A 35 Clear Philips, | C36: PCS | D36: ='Week (3)'!U36 | U36: =D36+F36+-(H36+J36+L36+N36+P36+R36+T36) | V36: LAMP
A37: =A36+1 | B37: Bulb Lamp 40 W, B 35 Clear Philips, E 14 ( cooker hood ) | C37: PCS | D37: ='Week (3)'!U37 | U37: =D37+F37+-(H37+J37+L37+N37+P37+R37+T37) | V37: LAMP
A38: =A37+1 | B38: Capacitor 2,5µf + 2 µf | C38: PCS | D38: ='Week (3)'!U38 | U38: =D38+F38+-(H38+J38+L38+N38+P38+R38+T38) | V38: ELECTRICAL
A39: =A38+1 | B39: Capacitor 30µf | C39: PCS | D39: ='Week (3)'!U39 | S39: Sulawesi 11 | T39: 1 | U39: =D39+F39+-(H39+J39+L39+N39+P39+R39+T39) | V39: AC
A40: =A39+1 | B40: Capacitor 40µf | C40: PCS | D40: ='Week (3)'!U40 | U40: =D40+F40+-(H40+J40+L40+N40+P40+R40+T40) | V40: AC
A41: =A40+1 | B41: Capacitor 35µf | C41: PCS | D41: ='Week (3)'!U41 | U41: =D41+F41+-(H41+J41+L41+N41+P41+R41+T41) | V41: AC
A42: =A41+1 | B42: Capacitor 50 µf | C42: PCS | D42: ='Week (3)'!U42 | U42: =D42+F42+-(H42+J42+L42+N42+P42+R42+T42) | V42: AC
A43: =A42+1 | B43: Capacitor AC 25 µf | C43: PCS | D43: ='Week (3)'!U43 | U43: =D43+F43+-(H43+J43+L43+N43+P43+R43+T43) | V43: AC
A44: =A43+1 | B44: Capacitor Ceiling Fan 5 Cable | C44: PCS | D44: ='Week (3)'!U44 | U44: =D44+F44+-(H44+J44+L44+N44+P44+R44+T44) | V44: ELECTRICAL
A45: =A44+1 | B45: Capacitor Washing Machine 12 µf | C45: PCS | D45: ='Week (3)'!U45 | U45: =D45+F45+-(H45+J45+L45+N45+P45+R45+T45) | V45: ELECTRICAL
A46: =A45+1 | B46: Capacitor 60 µf | C46: PCS | D46: ='Week (3)'!U46 | U46: =D46+F46+-(H46+J46+L46+N46+P46+R46+T46) | V46: AC
A47: =A46+1 | B47: CAT DULUX CATYLAC INVERNES 25KG | C47: Pail | D47: ='Week (3)'!U47 | U47: =D47+F47+-(H47+J47+L47+N47+P47+R47+T47) | V47: CIVIL
A48: =A47+1 | B48: CAT DULUX CATYLAC INVERNES 5 KG | C48: GLN | D48: ='Week (3)'!U48 | U48: =D48+F48+-(H48+J48+L48+N48+P48+R48+T48) | V48: CIVIL
A49: =A48+1 | B49: CAT DULUX MORNING STAR 2,5 LTR | C49: GLN | D49: ='Week (3)'!U49 | U49: =D49+F49+-(H49+J49+L49+N49+P49+R49+T49) | V49: CIVIL
A50: =A49+1 | B50: CAT JAVA EXTERIOR | C50: PAIL | D50: ='Week (3)'!U50 | U50: =D50+F50+-(H50+J50+L50+N50+P50+R50+T50) | V50: CIVIL
A51: =A50+1 | B51: CAT JAVA INTERIOR NO. 31 | C51: PAIL | D51: ='Week (3)'!U51 | U51: =D51+F51+-(H51+J51+L51+N51+P51+R51+T51) | V51: CIVIL
... A84: =A83+1 | B84: Elbow PVC AW 1/2" | C84: Pcs | D84: ='Week (3)'!U84 | U84: =D84+F84+-(H84+J84+L84+N84+P84+R84+T84) | V84: VALVE AND PIPE
A85: 80 | B85: Elbow PVC AW 2" | C85: Pcs | D85: ='Week (3)'!U85 | U85: =D85+F85+-(H85+J85+L85+N85+P85+R85+T85) | V85: VALVE AND PIPE
A86: =A85+1 | B86: ELCB 2P, 25A SCHNEIDER | C86: PCS | D86: ='Week (3)'!U86 | U86: =D86+F86+-(H86+J86+L86+N86+P86+R86+T86) | V86: ELECTRICAL
A87: =A86+1 | B87: ELCB 2P, 30A SCHNEIDER | C87: PCS | D87: ='Week (3)'!U87 | U87: =D87+F87+-(H87+J87+L87+N87+P87+R87+T87) | V87: ELECTRICAL
A88: =A87+1 | B88: ELCB 2P, 40A SCHNEIDER | C88: PCS | D88: ='Week (3)'!U88 | U88: =D88+F88+-(H88+J88+L88+N88+P88+R88+T88) | V88: ELECTRICAL
A89: =A88+1 | B89: ELCB 2P, 63A SCHNEIDER | C89: PCS | D89: ='Week (3)'!U89 | U89: =D89+F89+-(H89+J89+L89+N89+P89+R89+T89) | V89: ELECTRICAL
A90: =A89+1 | B90: ELCB 4P, 25A SCHNEIDER | C90: PCS | D90: ='Week (3)'!U90 | U90: =D90+F90+-(H90+J90+L90+N90+P90+R90+T90) | V90: ELECTRICAL
A91: =A90+1 | B91: ELCB 4P, 40A SCHNEIDER | C91: PCS | D91: ='Week (3)'!U91 | U91: =D91+F91+-(H91+J91+L91+N91+P91+R91+T91) | V91: ELECTRICAL
A92: =A91+1 | B92: ELCB 4P, 63A SCHNEIDER | C92: PCS | D92: ='Week (3)'!U92 | U92: =D92+F92+-(H92+J92+L92+N92+P92+R92+T92) | V92: ELECTRICAL
A93: =A92+1 | B93: Emco Paint Biru No. 75 | C93: Klg | D93: ='Week (3)'!U93 | U93: =D93+F93+-(H93+J93+L93+N93+P93+R93+T93) | V93: CIVIL
A94: =A93+1 | B94: Emco Paint, Black Color | C94: PCS | D94: ='Week (3)'!U94 | U94: =D94+F94+-(H94+J94+L94+N94+P94+R94+T94) | V94: CIVIL
A95: =A94+1 | B95: Emco Paint, Blue Color No. 102 | C95: PCS | D95: ='Week (3)'!U95 | U95: =D95+F95+-(H95+J95+L95+N95+P95+R95+T95) | V95: CIVIL
A96: =A95+1 | B96: Emco Paint Coklat 83 | C96: PCS | D96: ='Week (3)'!U96 | U96: =D96+F96+-(H96+J96+L96+N96+P96+R96+T96) | V96: CIVIL
A97: =A96+1 | B97: Emco Paint, Chili Red No. 132 | C97: PCS | D97: ='Week (3)'!U97 | U97: =D97+F97+-(H97+J97+L97+N97+P97+R97+T97) | V97: CIVIL
... A109: =A108+1 | B109: Male thread adaptor 32 x 1" | C109: PCS | D109: ='Week (3)'!U109 | U109: =D109+F109+-(H109+J109+L109+N109+P109+R109+T109) | V109: VALVE AND PIPE
A110: =A109+1 | B110: FITING LAMPU | C110: PCS | D110: ='Week (3)'!U110 | K110: Rechall | L110: 2 | U110: =D110+F110+-(H110+J110+L110+N110+P110+R110+T110) | V110: LAMP
A111: =A110+1 | B111: Sensor Photo cell | C111: PCS | D111: ='Week (3)'!U111 | O111: Lombok 2 | P111: 1 | U111: =D111+F111+-(H111+J111+L111+N111+P111+R111+T111) | V111: LAMP
A112: =A111+1 | B112: Filter Fleet Guard WF 2071 (Filter Udara) | C112: PCS | D112: ='Week (3)'!U112 | U112: =D112+F112+-(H112+J112+L112+N112+P112+R112+T112) | V112: CONSUMABLE
A113: =A112+1 | B113: Filter Fleet Guard FS 1212 (Filter Solar) | C113: PCS | D113: ='Week (3)'!U113 | U113: =D113+F113+-(H113+J113+L113+N113+P113+R113+T113) | V113: CONSUMABLE
A114: =A113+1 | B114: Filter Fleet Guard LF 3000 (Oil Filter ) | C114: PCS | D114: ='Week (3)'!U114 | U114: =D114+F114+-(H114+J114+L114+N114+P114+R114+T114) | V114: CONSUMABLE
A115: =A114+1 | B115: Filter Fleet Guard WF 2076 (Filter Udara) | C115: PCS | D115: ='Week (3)'!U115 | U115: =D115+F115+-(H115+J115+L115+N115+P115+R115+T115) | V115: CONSUMABLE
A116: =A115+1 | B116: Flexible Hose 50 CM | C116: PCS | D116: ='Week (3)'!U116 | U116: =D116+F116+-(H116+J116+L116+N116+P116+R116+T116) | V116: VALVE AND PIPE
A117: =A116+1 | B117: Flexible Hose 60 CM STAINLESS | C117: PCS | D117: ='Week (3)'!U117 | U117: =D117+F117+-(H117+J117+L117+N117+P117+R117+T117) | V117: VALVE AND PIPE
A118: =A117+1 | B118: Flexible Hose 40 Cm | C118: PCS | D118: ='Week (3)'!U118 | U118: =D118+F118+-(H118+J118+L118+N118+P118+R118+T118) | V118: VALVE AND PIPE
A119: =A118+1 | B119: Flexible Hose of Washbasin, DUPON | C119: SET | D119: ='Week (3)'!U119 | U119: =D119+F119+-(H119+J119+L119+N119+P119+R119+T119) | V119: VALVE AND PIPE
A120: =A119+1 | B120: Flexible Hose of Washbasin, MOVE | C120: PCS | D120: ='Week (3)'!U120 | U120: =D120+F120+-(H120+J120+L120+N120+P120+R120+T120) | V120: VALVE AND PIPE
A121: =A120+1 | B121: Floating Valve of Closet ( Tombol Atas ) | C121: PCS | D121: ='Week (3)'!U121 | U121: =D121+F121+-(H121+J121+L121+N121+P121+R121+T121) | V121: SANITARY
A122: =A121+1 | B122: Floating Valve of Closet ( Tombol Samping ) | C122: PCS | D122: ='Week (3)'!U122 | U122: =D122+F122+-(H122+J122+L122+N122+P122+R122+T122) | V122: SANITARY
A123: =A122+1 | B123: Floor Drain | C123: PCS | D123: ='Week (3)'!U123 | U123: =D123+F123+-(H123+J123+L123+N123+P123+R123+T123) | V123: SANITARY
... A137: =A136+1 | B137: Kabel NYM 3 x 2,5 | C137: Meter | D137: ='Week (3)'!U137 | U137: =D137+F137+-(H137+J137+L137+N137+P137+R137+T137) | V137: ELECTRICAL
A138: =A137+1 | B138: Kabel NYM 3 x 1,5 | C138: Meter | D138: ='Week (3)'!U138 | O138: Lombok 2 | P138: 7 | U138: =D138+F138+-(H138+J138+L138+N138+P138+R138+T138) | V138: ELECTRICAL
A139: =A138+1 | B139: Kawat Seling Calfit | C139: M | D139: ='Week (3)'!U139 | U139: =D139+F139+-(H139+J139+L139+N139+P139+R139+T139) | V139: CONSUMABLE
A140: =A139+1 | B140: Kayu 3 x 20 x 4 | C140: Batang | D140: ='Week (3)'!U140 | U140: =D140+F140+-(H140+J140+L140+N140+P140+R140+T140) | V140: CIVIL
A141: =A140+1 | B141: Kayu 6 x 12 x 4 | C141: Batang | D141: ='Week (3)'!U141 | U141: =D141+F141+-(H141+J141+L141+N141+P141+R141+T141) | V141: CIVIL
A142: =A141+1 | B142: Kayu 6 x 15 x 4 | C142: Batang | D142: ='Week (3)'!U142 | U142: =D142+F142+-(H142+J142+L142+N142+P142+R142+T142) | V142: CIVIL
A143: =A142+1 | B143: Kayu 8 x 12 x 4 | C143: Batang | D143: ='Week (3)'!U143 | U143: =D143+F143+-(H143+J143+L143+N143+P143+R143+T143) | V143: CIVIL
A144: =A143+1 | B144: Klem Selang LPG | C144: Pcs | D144: ='Week (3)'!U144 | U144: =D144+F144+-(H144+J144+L144+N144+P144+R144+T144) | V144: CONSUMABLE
A145: =A144+1 | B145: Klem Seling Calfit | C145: Pcs | D145: ='Week (3)'!U145 | U145: =D145+F145+-(H145+J145+L145+N145+P145+R145+T145) | V145: CONSUMABLE
A146: =A145+1 | B146: Kuas 3" | C146: PCS | D146: ='Week (3)'!U146 | U146: =D146+F146+-(H146+J146+L146+N146+P146+R146+T146) | V146: CONSUMABLE
A147: =A146+1 | B147: Kuas 2" | C147: PCS | D147: ='Week (3)'!U147 | U147: =D147+F147+-(H147+J147+L147+N147+P147+R147+T147) | V147: CONSUMABLE
A148: =A147+1 | B148: Pipa AC Inverter 1 PK | C148: PCS | D148: ='Week (3)'!U148 | U148: =D148+F148+-(H148+J148+L148+N148+P148+R148+T148) | V148: AC
A149: =A148+1 | B149: Pipa AC Inverter 1,5 PK | C149: PCS | D149: ='Week (3)'!U149 | U149: =D149+F149+-(H149+J149+L149+N149+P149+R149+T149) | V149: AC
A150: =A149+1 | B150: LAMPU LED PHILIPS 6 WATT KUNING | C150: PCS | D150: ='Week (3)'!U150 | U150: =D150+F150+-(H150+J150+L150+N150+P150+R150+T150) | V150: LAMP
... A152: =A151+1 | B152: LED DRIVER POWER 56 WATT 50/60 HZ | C152: PCS | D152: ='Week (3)'!U152 | U152: =D152+F152+-(H152+J152+L152+N152+P152+R152+T152) | V152: LAMP
A153: =A152+1 | B153: LAMPU LED PHILIPS 10 WATT | C153: Pcs | D153: ='Week (3)'!U153 | S153: Lombok 24 | T153: 1 | U153: =D153+F153+-(H153+J153+L153+N153+P153+R153+T153) | V153: LAMP
A154: =A153+1 | B154: LAMPU LED PHILIPS 8 WATT | C154: Pcs | D154: ='Week (3)'!U154 | U154: =D154+F154+-(H154+J154+L154+N154+P154+R154+T154) | V154: LAMP
A155: =A154+1 | B155: LAMPU LED PHILIPS 14,5 WATT | C155: Pcs | D155: ='Week (3)'!U155 | U155: =D155+F155+-(H155+J155+L155+N155+P155+R155+T155) | V155: LAMP
A156: =A155+1 | B156: LAMPU LED PHILIPS 6 WATT | C156: Pcs | D156: ='Week (3)'!U156 | E156: 46017 | F156: 16 | K156: Rechall =1, Lombok 15 =2, Lombok 6 =1, | L156: =1+2+1 | M156: Sumatera 5=1, Madura 25=1 | N156: =1+1 | O156: Jawa 4 | P156: 1 | S156: Jawa 6 | T156: 4 | U156: =D156+F156+-(H156+J156+L156+N156+P156+R156+T156) | V156: LAMP
A157: =A156+1 | B157: Lampu REFLEKTOR TOKI RF220V 500W | C157: PCS | D157: ='Week (3)'!U157 | U157: =D157+F157+-(H157+J157+L157+N157+P157+R157+T157) | V157: LAMP
...

Sheet Week  (5)
A1: Weekly Issued (Buffer Stock POMI)- POH 1
A2: Mnth | B2: 45992
A3: Week | B3: V
A4: No. | B4: Nama Barang | C4: Satuan | D4: Stock Awal | E4: Tanggal Buffer Stock | F4: Jumlah | G4: 46018 | I4: 46019 | K4: 46020 | M4: 46021 | O4: 46022 | Q4: 46023 | S4: 46024 | U4: Ending Stock | V4: KATEGORI
G5: Lokasi | H5: Jumlah | I5: Lokasi | J5: Jumlah | K5: Lokasi | L5: Jumlah | M5: Lokasi | N5: Jumlah | O5: Lokasi | P5: Jumlah | Q5: Lokasi | R5: Jumlah | S5: Lokasi | T5: Jumlah
A6: 1 | B6: AC Compressor 1 PK, PANASONIC R 22 | C6: Unit | D6: ='Week (4)'!U6 | U6: =D6+F6+-(H6+J6+L6+N6+P6+R6+T6) | V6: AC
A7: =A6+1 | B7: AC Compressor 1,5 PK, PANASONIC R 22 | C7: Unit | D7: ='Week (4)'!U7 | U7: =D7+F7+-(H7+J7+L7+N7+P7+R7+T7) | V7: AC
A8: =A7+1 | B8: AC Compressor 2 PK, PANASONIC | C8: Unit | D8: ='Week (4)'!U8 | U8: =D8+F8+-(H8+J8+L8+N8+P8+R8+T8) | V8: AC
A9: =A8+1 | B9: AC Compressor 3 PK, PANASONIC | C9: Unit | D9: ='Week (4)'!U9 | U9: =D9+F9+-(H9+J9+L9+N9+P9+R9+T9) | V9: AC
A10: =A9+1 | B10: AC Compressor 1 PK, PANASONIC R 32 | C10: Unit | D10: ='Week (4)'!U10 | U10: =D10+F10+-(H10+J10+L10+N10+P10+R10+T10) | V10: AC
A11: =A10+1 | B11: AC Compressor 1,5 PK, PANASONIC R 32 | C11: Unit | D11: ='Week (4)'!U11 | U11: =D11+F11+-(H11+J11+L11+N11+P11+R11+T11) | V11: AC
A12: =A11+1 | B12: Amplas NO 1 | C12: Lbr | D12: ='Week (4)'!U12 | O12: Lombok 18 | P12: 1 | U12: =D12+F12+-(H12+J12+L12+N12+P12+R12+T12) | V12: CONSUMABLE
A13: =A12+1 | B13: Amplas NO 180 | C13: Lbr | D13: ='Week (4)'!U13 | K13: Sulawesi 4 | L13: 1 | U13: =D13+F13+-(H13+J13+L13+N13+P13+R13+T13) | V13: CONSUMABLE
A14: =A13+1 | B14: Avur bak cuci piring | C14: pcs | D14: ='Week (4)'!U14 | U14: =D14+F14+-(H14+J14+L14+N14+P14+R14+T14) | V14: SANITARY
A15: =A14+1 | B15: RESIBON CUTTING WHEEL | C15: Lbr | D15: ='Week (4)'!U15 | U15: =D15+F15+-(H15+J15+L15+N15+P15+R15+T15) | V15: CONSUMABLE
A16: =A15+1 | B16: RESIBON GRINDING WHEEL | C16: Lbr | D16: ='Week (4)'!U16 | U16: =D16+F16+-(H16+J16+L16+N16+P16+R16+T16) | V16: CONSUMABLE
A17: =A16+1 | B17: Ball Valve 1/2" ONDA Kuningan | C17: Pcs | D17: ='Week (4)'!U17 | U17: =D17+F17+-(H17+J17+L17+N17+P17+R17+T17) | V17: VALVE AND PIPE
A18: =A17+1 | B18: Ball Valve 3/4" ONDA Kuningan | C18: Pcs | D18: ='Week (4)'!U18 | U18: =D18+F18+-(H18+J18+L18+N18+P18+R18+T18) | V18: VALVE AND PIPE
A19: =A18+1 | B19: BATTERY ALKALINE AA | C19: PCS | D19: ='Week (4)'!U19 | U19: =D19+F19+-(H19+J19+L19+N19+P19+R19+T19) | V19: CONSUMABLE
A20: =A19+1 | B20: BATTERY ALKALINE AAA | C20: PCS | D20: ='Week (4)'!U20 | U20: =D20+F20+-(H20+J20+L20+N20+P20+R20+T20) | V20: CONSUMABLE
A21: =A20+1 | B21: BATTERY KERING 6 VOLT | C21: PCS | D21: ='Week (4)'!U21 | U21: =D21+F21+-(H21+J21+L21+N21+P21+R21+T21) | V21: CONSUMABLE
A22: =A21+1 | B22: Battery Kotak 9 Volt | C22: PCS | D22: ='Week (4)'!U22 | U22: =D22+F22+-(H22+J22+L22+N22+P22+R22+T22) | V22: CONSUMABLE
A23: =A22+1 | B23: Baut Dipan | C23: PCS | D23: ='Week (4)'!U23 | U23: =D23+F23+-(H23+J23+L23+N23+P23+R23+T23) | V23: CIVIL
A24: =A23+1 | B24: BATTERY ABC BESAR | C24: PCS | D24: ='Week (4)'!U24 | U24: =D24+F24+-(H24+J24+L24+N24+P24+R24+T24) | V24: CONSUMABLE
A25: =A24+1 | B25: BEARING 608 ZZ | C25: Pcs | D25: ='Week (4)'!U25 | U25: =D25+F25+-(H25+J25+L25+N25+P25+R25+T25) | V25: MECHANICAL
... A40: =A39+1 | B40: Capacitor 40µf | C40: PCS | D40: ='Week (4)'!U40 | U40: =D40+F40+-(H40+J40+L40+N40+P40+R40+T40) | V40: AC
A41: =A40+1 | B41: Capacitor 35µf | C41: PCS | D41: ='Week (4)'!U41 | M41: ISS office | N41: 1 | U41: =D41+F41+-(H41+J41+L41+N41+P41+R41+T41) | V41: AC
A42: =A41+1 | B42: Capacitor 50 µf | C42: PCS | D42: ='Week (4)'!U42 | U42: =D42+F42+-(H42+J42+L42+N42+P42+R42+T42) | V42: AC
A43: =A42+1 | B43: Capacitor AC 25 µf | C43: PCS | D43: ='Week (4)'!U43 | U43: =D43+F43+-(H43+J43+L43+N43+P43+R43+T43) | V43: AC
A44: =A43+1 | B44: Capacitor Ceiling Fan 5 Cable | C44: PCS | D44: ='Week (4)'!U44 | U44: =D44+F44+-(H44+J44+L44+N44+P44+R44+T44) | V44: ELECTRICAL
A45: =A44+1 | B45: Capacitor Washing Machine 12 µf | C45: PCS | D45: ='Week (4)'!U45 | U45: =D45+F45+-(H45+J45+L45+N45+P45+R45+T45) | V45: ELECTRICAL
A46: =A45+1 | B46: Capacitor 60 µf | C46: PCS | D46: ='Week (4)'!U46 | U46: =D46+F46+-(H46+J46+L46+N46+P46+R46+T46) | V46: AC
A47: =A46+1 | B47: CAT DULUX CATYLAC INVERNES 25KG | C47: Pail | D47: ='Week (4)'!U47 | U47: =D47+F47+-(H47+J47+L47+N47+P47+R47+T47) | V47: CIVIL
A48: =A47+1 | B48: CAT DULUX CATYLAC INVERNES 5 KG | C48: GLN | D48: ='Week (4)'!U48 | U48: =D48+F48+-(H48+J48+L48+N48+P48+R48+T48) | V48: CIVIL
A49: =A48+1 | B49: CAT DULUX MORNING STAR 2,5 LTR | C49: GLN | D49: ='Week (4)'!U49 | U49: =D49+F49+-(H49+J49+L49+N49+P49+R49+T49) | V49: CIVIL
A50: =A49+1 | B50: CAT JAVA EXTERIOR | C50: PAIL | D50: ='Week (4)'!U50 | U50: =D50+F50+-(H50+J50+L50+N50+P50+R50+T50) | V50: CIVIL
A51: =A50+1 | B51: CAT JAVA INTERIOR NO. 31 | C51: PAIL | D51: ='Week (4)'!U51 | U51: =D51+F51+-(H51+J51+L51+N51+P51+R51+T51) | V51: CIVIL
A52: =A51+1 | B52: CAT JAVA INTERIOR NO. 32 | C52: PAIL | D52: ='Week (4)'!U52 | U52: =D52+F52+-(H52+J52+L52+N52+P52+R52+T52) | V52: CIVIL
A53: =A52+1 | B53: Cat NIPPE 2000 No.012 ( CHAMONIK) | C53: KG | D53: ='Week (4)'!U53 | U53: =D53+F53+-(H53+J53+L53+N53+P53+R53+T53) | V53: CIVIL
... A58: =A57+1 | B58: Cat Avian Putih | C58: Kg | D58: ='Week (4)'!U58 | U58: =D58+F58+-(H58+J58+L58+N58+P58+R58+T58) | V58: CIVIL
A59: =A58+1 | B59: Semen, Gresik | C59: SACK | D59: ='Week (4)'!U59 | I59: Lombok 2 | J59: 1 | U59: =D59+F59+-(H59+J59+L59+N59+P59+R59+T59) | V59: CIVIL
A60: =A59+1 | B60: Semen Putih | C60: Kg | D60: ='Week (4)'!U60 | U60: =D60+F60+-(H60+J60+L60+N60+P60+R60+T60) | V60: CIVIL
A61: =A60+1 | B61: Ceramic size 20x25 PUTIH | C61: DUs | D61: ='Week (4)'!U61 | U61: =D61+F61+-(H61+J61+L61+N61+P61+R61+T61) | V61: CIVIL
A62: =A61+1 | B62: Ceramic size 30x30 | C62: Dus | D62: ='Week (4)'!U62 | U62: =D62+F62+-(H62+J62+L62+N62+P62+R62+T62) | V62: CIVIL
A63: =A62+1 | B63: Contactor LC1D09M7, Scheider | C63: PCS | D63: ='Week (4)'!U63 | U63: =D63+F63+-(H63+J63+L63+N63+P63+R63+T63) | V63: ELECTRICAL
A64: =A63+1 | B64: Contactor LC1D12M7, Scheider | C64: PCS | D64: ='Week (4)'!U64 | U64: =D64+F64+-(H64+J64+L64+N64+P64+R64+T64) | V64: ELECTRICAL
A65: =A64+1 | B65: Contactor LC1D18M7, Scheider | C65: PCS | D65: ='Week (4)'!U65 | U65: =D65+F65+-(H65+J65+L65+N65+P65+R65+T65) | V65: ELECTRICAL
A66: =A65+1 | B66: Contactor LC1D25M7, Scheider | C66: PCS | D66: ='Week (4)'!U66 | U66: =D66+F66+-(H66+J66+L66+N66+P66+R66+T66) | V66: ELECTRICAL
A67: =A66+1 | B67: Contactor LC1D32M7, Scheider | C67: PCS | D67: ='Week (4)'!U67 | U67: =D67+F67+-(H67+J67+L67+N67+P67+R67+T67) | V67: ELECTRICAL
A68: =A67+1 | B68: Coupler Equal Tee 20 x 20 | C68: PCS | D68: ='Week (4)'!U68 | U68: =D68+F68+-(H68+J68+L68+N68+P68+R68+T68) | V68: VALVE AND PIPE
A69: =A68+1 | B69: Coupler Equal Tee 32 x 32 | C69: PCS | D69: ='Week (4)'!U69 | U69: =D69+F69+-(H69+J69+L69+N69+P69+R69+T69) | V69: VALVE AND PIPE
A70: =A69+1 | B70: Coupler HDPE Mechanical Joint ø 110 | C70: PCS | D70: ='Week (4)'!U70 | U70: =D70+F70+-(H70+J70+L70+N70+P70+R70+T70) | V70: VALVE AND PIPE
A71: =A70+1 | B71: Coupler HDPE Mechanical Joint ø 63 | C71: PCS | D71: ='Week (4)'!U71 | U71: =D71+F71+-(H71+J71+L71+N71+P71+R71+T71) | V71: VALVE AND PIPE
... A76: =A75+1 | B76: Coupler Straight 32 x 32 | C76: PCS | D76: ='Week (4)'!U76 | U76: =D76+F76+-(H76+J76+L76+N76+P76+R76+T76) | V76: VALVE AND PIPE
A77: =A76+1 | B77: Cylinder Lock, Muller | C77: PCS | D77: ='Week (4)'!U77 | G77: Sulawesi 4 | H77: 2 | U77: =D77+F77+-(H77+J77+L77+N77+P77+R77+T77) | V77: CIVIL
A78: =A77+1 | B78: Defrost Kulkas LG | C78: PCS | D78: ='Week (4)'!U78 | U78: =D78+F78+-(H78+J78+L78+N78+P78+R78+T78) | V78: ELECTRICAL
A79: =A78+1 | B79: Defrost Kulkas samsung / panasonic | C79: PCS | D79: ='Week (4)'!U79 | U79: =D79+F79+-(H79+J79+L79+N79+P79+R79+T79) | V79: ELECTRICAL
A80: =A79+1 | B80: Defrost Kulkas SANYO | C80: PCS | D80: ='Week (4)'!U80 | U80: =D80+F80+-(H80+J80+L80+N80+P80+R80+T80) | V80: ELECTRICAL
A81: =A80+1 | B81: Doble Neple Besi 1/2" | C81: Pcs | D81: ='Week (4)'!U81 | U81: =D81+F81+-(H81+J81+L81+N81+P81+R81+T81) | V81: VALVE AND PIPE
A82: =A81+1 | B82: Elbow Drat Dalam 20 x 1/2" hdpe | C82: PCS | D82: ='Week (4)'!U82 | U82: =D82+F82+-(H82+J82+L82+N82+P82+R82+T82) | V82: VALVE AND PIPE
A83: =A82+1 | B83: Elbow PVC AW 1" | C83: Pcs | D83: ='Week (4)'!U83 | U83: =D83+F83+-(H83+J83+L83+N83+P83+R83+T83) | V83: VALVE AND PIPE
A84: =A83+1 | B84: Elbow PVC AW 1/2" | C84: Pcs | D84: ='Week (4)'!U84 | K84: POS S | L84: 3 | U84: =D84+F84+-(H84+J84+L84+N84+P84+R84+T84) | V84: VALVE AND PIPE
A85: 80 | B85: Elbow PVC AW 2" | C85: Pcs | D85: ='Week (4)'!U85 | U85: =D85+F85+-(H85+J85+L85+N85+P85+R85+T85) | V85: VALVE AND PIPE
A86: =A85+1 | B86: ELCB 2P, 25A SCHNEIDER | C86: PCS | D86: ='Week (4)'!U86 | U86: =D86+F86+-(H86+J86+L86+N86+P86+R86+T86) | V86: ELECTRICAL
A87: =A86+1 | B87: ELCB 2P, 30A SCHNEIDER | C87: PCS | D87: ='Week (4)'!U87 | U87: =D87+F87+-(H87+J87+L87+N87+P87+R87+T87) | V87: ELECTRICAL
A88: =A87+1 | B88: ELCB 2P, 40A SCHNEIDER | C88: PCS | D88: ='Week (4)'!U88 | U88: =D88+F88+-(H88+J88+L88+N88+P88+R88+T88) | V88: ELECTRICAL
A89: =A88+1 | B89: ELCB 2P, 63A SCHNEIDER | C89: PCS | D89: ='Week (4)'!U89 | U89: =D89+F89+-(H89+J89+L89+N89+P89+R89+T89) | V89: ELECTRICAL
A90: =A89+1 | B90: ELCB 4P, 25A SCHNEIDER | C90: PCS | D90: ='Week (4)'!U90 | U90: =D90+F90+-(H90+J90+L90+N90+P90+R90+T90) | V90: ELECTRICAL
A91: =A90+1 | B91: ELCB 4P, 40A SCHNEIDER | C91: PCS | D91: ='Week (4)'!U91 | U91: =D91+F91+-(H91+J91+L91+N91+P91+R91+T91) | V91: ELECTRICAL
A92: =A91+1 | B92: ELCB 4P, 63A SCHNEIDER | C92: PCS | D92: ='Week (4)'!U92 | U92: =D92+F92+-(H92+J92+L92+N92+P92+R92+T92) | V92: ELECTRICAL
A93: =A92+1 | B93: Emco Paint Biru No. 75 | C93: Klg | D93: ='Week (4)'!U93 | U93: =D93+F93+-(H93+J93+L93+N93+P93+R93+T93) | V93: CIVIL
A94: =A93+1 | B94: Emco Paint, Black Color | C94: PCS | D94: ='Week (4)'!U94 | U94: =D94+F94+-(H94+J94+L94+N94+P94+R94+T94) | V94: CIVIL
A95: =A94+1 | B95: Emco Paint, Blue Color No. 102 | C95: PCS | D95: ='Week (4)'!U95 | U95: =D95+F95+-(H95+J95+L95+N95+P95+R95+T95) | V95: CIVIL
A96: =A95+1 | B96: Emco Paint Coklat 83 | C96: PCS | D96: ='Week (4)'!U96 | U96: =D96+F96+-(H96+J96+L96+N96+P96+R96+T96) | V96: CIVIL
A97: =A96+1 | B97: Emco Paint, Chili Red No. 132 | C97: PCS | D97: ='Week (4)'!U97 | U97: =D97+F97+-(H97+J97+L97+N97+P97+R97+T97) | V97: CIVIL
... A99: =A98+1 | B99: Emco Paint, Traffic Red Color No. 78 | C99: PCS | D99: ='Week (4)'!U99 | U99: =D99+F99+-(H99+J99+L99+N99+P99+R99+T99) | V99: CIVIL
A100: =A99+1 | B100: Emco Paint, White Color | C100: PCS | D100: ='Week (4)'!U100 | O100: Lombok 16 & 18 | P100: 1 | U100: =D100+F100+-(H100+J100+L100+N100+P100+R100+T100) | V100: CIVIL
A101: =A100+1 | B101: Emco Paint, Yellow Color No. 67 | C101: PCS | D101: ='Week (4)'!U101 | U101: =D101+F101+-(H101+J101+L101+N101+P101+R101+T101) | V101: CIVIL
A102: =A101+1 | B102: Engsel Jendela 3 " | C102: Pcs | D102: ='Week (4)'!U102 | U102: =D102+F102+-(H102+J102+L102+N102+P102+R102+T102) | V102: CIVIL
A103: =A102+1 | B103: Engsel Pintu 4" | C103: Pcs | D103: ='Week (4)'!U103 | U103: =D103+F103+-(H103+J103+L103+N103+P103+R103+T103) | V103: CIVIL
A104: =A103+1 | B104: Engsel Sendok | C104: PCS | D104: ='Week (4)'!U104 | U104: =D104+F104+-(H104+J104+L104+N104+P104+R104+T104) | V104: CIVIL
A105: =A104+1 | B105: Equal Elbow 20 x20 | C105: PCS | D105: ='Week (4)'!U105 | U105: =D105+F105+-(H105+J105+L105+N105+P105+R105+T105) | V105: VALVE AND PIPE
A106: =A105+1 | B106: Equal Elbow 25 x 25 | C106: PCS | D106: ='Week (4)'!U106 | U106: =D106+F106+-(H106+J106+L106+N106+P106+R106+T106) | V106: VALVE AND PIPE
A107: =A106+1 | B107: Equal Elbow 32 x 32 | C107: PCS | D107: ='Week (4)'!U107 | U107: =D107+F107+-(H107+J107+L107+N107+P107+R107+T107) | V107: VALVE AND PIPE
A108: =A107+1 | B108: Equal Tee 32 x 20 | C108: PCS | D108: ='Week (4)'!U108 | U108: =D108+F108+-(H108+J108+L108+N108+P108+R108+T108) | V108: VALVE AND PIPE
A109: =A108+1 | B109: Male thread adaptor 32 x 1" | C109: PCS | D109: ='Week (4)'!U109 | U109: =D109+F109+-(H109+J109+L109+N109+P109+R109+T109) | V109: VALVE AND PIPE
A110: =A109+1 | B110: FITING LAMPU | C110: PCS | D110: ='Week (4)'!U110 | U110: =D110+F110+-(H110+J110+L110+N110+P110+R110+T110) | V110: LAMP
A111: =A110+1 | B111: Sensor Photo cell | C111: PCS | D111: ='Week (4)'!U111 | U111: =D111+F111+-(H111+J111+L111+N111+P111+R111+T111) | V111: LAMP
A112: =A111+1 | B112: Filter Fleet Guard WF 2071 (Filter Udara) | C112: PCS | D112: ='Week (4)'!U112 | U112: =D112+F112+-(H112+J112+L112+N112+P112+R112+T112) | V112: CONSUMABLE
... A122: =A121+1 | B122: Floating Valve of Closet ( Tombol Samping ) | C122: PCS | D122: ='Week (4)'!U122 | U122: =D122+F122+-(H122+J122+L122+N122+P122+R122+T122) | V122: SANITARY
A123: =A122+1 | B123: Floor Drain | C123: PCS | D123: ='Week (4)'!U123 | M123: Sulawesi 4 | N123: 1 | U123: =D123+F123+-(H123+J123+L123+N123+P123+R123+T123) | V123: SANITARY
A124: =A123+1 | B124: FREON R 22 DUPONT ( 13,62 Kg ) | C124: BTL | D124: ='Week (4)'!U124 | U124: =D124+F124+-(H124+J124+L124+N124+P124+R124+T124) | V124: AC
A125: =A124+1 | B125: FREON R 32 | C125: BTL | D125: ='Week (4)'!U125 | U125: =D125+F125+-(H125+J125+L125+N125+P125+R125+T125) | V125: AC
A126: =A125+1 | B126: FLANGE PVC 2,5" | C126: Pcs | D126: ='Week (4)'!U126 | U126: =D126+F126+-(H126+J126+L126+N126+P126+R126+T126) | V126: VALVE AND PIPE
A127: =A126+1 | B127: FLANGE PVC 2" | C127: Pcs | D127: ='Week (4)'!U127 | U127: =D127+F127+-(H127+J127+L127+N127+P127+R127+T127) | V127: VALVE AND PIPE
A128: =A127+1 | B128: Grendel | C128: Pcs | D128: ='Week (4)'!U128 | U128: =D128+F128+-(H128+J128+L128+N128+P128+R128+T128) | V128: CIVIL
A129: =A128+1 | B129: Hand Shower | C129: PCS | D129: ='Week (4)'!U129 | U129: =D129+F129+-(H129+J129+L129+N129+P129+R129+T129) | V129: SANITARY
A130: =A129+1 | B130: HANDLE PINTU | C130: Set | D130: ='Week (4)'!U130 | U130: =D130+F130+-(H130+J130+L130+N130+P130+R130+T130) | V130: CIVIL
A131: =A130+1 | B131: Hose of Washing Machine Drain | C131: PCS | D131: ='Week (4)'!U131 | U131: =D131+F131+-(H131+J131+L131+N131+P131+R131+T131) | V131: SANITARY
A132: =A131+1 | B132: Ignition of Stove | C132: PCS | D132: ='Week (4)'!U132 | U132: =D132+F132+-(H132+J132+L132+N132+P132+R132+T132) | V132: SPAREPART
...
